pid,Assembly_No,Poll_No,Year,Candidate,State_Name,Constituency_Name,Party,Last_Party,Votes,Sex,Position,Contested,No_Terms,Turncoat,Incumbent,Vote_Share_Percentage,Margin,Margin_Percentage,Age,Terms,Terms_Contested
9015,7,0,1991,ZAKIR HUSSAIN,Haryana,TAORU,IND,,28513,M,1,2,1,FALSE,FALSE,39,5900,8.07,,1,2
9015,8,0,1996,ZAKIR HUSSAIN S/O TAYAB HUSSAIN,Haryana,TAORU,INC,IND,18480,M,2,2,1,FALSE,TRUE,21.6,1636,1.91,,1,2
9023,5,0,1982,BALBIR SINGH,Haryana,PEHOWA,IND,,18928,M,2,4,1,FALSE,FALSE,33.41,12444,21.96,,1,4
9023,6,0,1987,BALBIR SINGH,Haryana,PEHOWA,LKD,IND,43756,M,1,4,1,FALSE,FALSE,61.41,23594,33.11,,1,4
9023,7,0,1991,BALBIR SINGH,Haryana,PEHOWA,IND,LKD,17344,M,2,4,1,FALSE,TRUE,22.86,3994,5.26,,1,4
9023,8,0,1996,BALBIR SINGH SAINI,Haryana,PEHOWA,INC,IND,21887,M,2,4,1,FALSE,FALSE,24.12,9337,10.29,,1,4
9045,8,0,1996,HARI SINGH SAINI,Haryana,HISSAR,INC,,26646,M,2,1,0,FALSE,FALSE,29.04,6672,7.27,,,1
9070,7,0,1991,ASHOK KUMAR,Haryana,THANESAR,JP,,18458,M,2,2,1,FALSE,FALSE,25.38,3394,4.67,,1,2
9070,8,0,1996,ASHOK KUMAR,Haryana,THANESAR,SAP,JP,25175,M,1,2,1,TRUE,FALSE,25.57,4975,5.05,,1,2
9089,5,0,1982,NIRMAL SINGH,Haryana,NAGGAL,INC,,28106,M,1,4,3,FALSE,FALSE,53.2,14003,26.51,,3,4
9089,6,0,1987,NIRMAL SINGH,Haryana,NAGGAL,INC,INC,24171,M,2,4,3,FALSE,TRUE,36.26,19786,29.68,,3,4
9089,7,0,1991,NIRMAL SINGH,Haryana,NAGGAL,INC,INC,31407,M,1,4,3,FALSE,FALSE,44.1,10505,14.75,,3,4
9089,8,0,1996,NIRMAL SINGH,Haryana,NAGGAL,IND,INC,34822,M,1,4,3,FALSE,TRUE,38.43,19660,21.7,,3,4
9097,7,0,1991,RAM PHAL,Haryana,SAFIDON,JP,,19433,M,2,2,1,FALSE,FALSE,28.31,10570,15.4,,1,2
9097,8,0,1996,RAMPHAL S/O JODHA RAM,Haryana,SAFIDON,SAP,JP,21502,M,1,2,1,TRUE,FALSE,25.22,4201,4.93,,1,2
9114,5,0,1982,SHAKUNTLA,Haryana,BAWAL,INC,,33534,F,1,4,2,FALSE,FALSE,59.21,18512,32.69,,2,4
9114,6,0,1987,SHAKUNTLA BHAGWARIA,Haryana,BAWAL,IND,INC,21117,F,2,4,2,FALSE,TRUE,31.47,2641,3.94,,2,4
9114,7,0,1991,SHAKUNTLA BHAGWARIA,Haryana,BAWAL,INC,IND,31605,F,1,4,2,FALSE,FALSE,47.38,9741,14.6,,2,4
9114,8,0,1996,SHAKUNTALA BHAGWARIA,Haryana,BAWAL,INC,INC,23974,F,2,4,2,FALSE,TRUE,29.29,17550,21.44,,2,4
9123,8,0,1996,MALIK CHAND,Haryana,YAMUNANAGAR,IND,,18369,M,2,1,0,FALSE,FALSE,18.2,4527,4.49,,,1
9125,5,0,1982,KAILASH CHAND,Haryana,NARNAUL,BJP,,18298,M,2,5,2,FALSE,FALSE,32.45,11220,19.9,,2,4
9125,6,0,1987,KAILASH CHAND SHARMA,Haryana,NARNAUL,BJP,BJP,42629,M,1,5,2,FALSE,FALSE,59.58,21243,29.69,,2,4
9125,7,0,1991,KAILASH CHAND,Haryana,NARNAUL,BJP,BJP,9083,M,4,5,2,FALSE,TRUE,13.25,6752,9.85,,2,4
9125,8,0,1996,KAILASH CHAND,Haryana,NARNAUL,IND,BJP,25671,M,1,5,2,FALSE,FALSE,31.19,5346,6.5,,2,4
9125,8,0,1996,KAILASH CHAND,Haryana,NARNAUL,BJP,IND,20325,M,2,5,2,FALSE,FALSE,24.7,5318,6.46,,2,4
9134,2,0,1968,HARPAL SINGH,Haryana,TOHANA,VHP,,14621,M,1,5,4,FALSE,FALSE,46.66,6465,20.63,,4,5
9134,3,0,1972,HARPAL SINGH,Haryana,TOHANA,INC,VHP,27907,M,1,5,4,TRUE,TRUE,63.47,18151,41.28,,4,5
9134,5,0,1982,HARPAL SINGH,Haryana,TOHANA,INC,INC,31184,M,1,5,4,FALSE,FALSE,52.93,7392,12.55,,4,5
9134,7,0,1991,HARPAL SINGH,Haryana,TOHANA,INC,INC,22279,M,1,5,4,FALSE,FALSE,30.23,2791,3.79,,4,5
9134,8,0,1996,S. HARPAL SINGH,Haryana,TOHANA,INC,INC,29575,M,2,5,4,FALSE,TRUE,30.88,13183,13.76,,4,5
9142,5,0,1982,JOGI RAM,Haryana,KALAYAT,LKD,,27228,M,1,3,1,FALSE,FALSE,56.94,10468,21.89,,1,3
9142,7,0,1991,JOGI RAM S/O DATU RAM,Haryana,KALAYAT,INC,LKD,17117,M,2,3,1,TRUE,FALSE,30.92,12367,22.34,,1,3
9142,8,0,1996,JOGI RAM,Haryana,KALAYAT,INC,INC,8581,M,3,3,1,FALSE,FALSE,13.38,1198,1.87,,1,3
9146,2,0,1968,AMIR SINGH,Haryana,BADHRA,VHP,,11460,M,1,7,4,FALSE,FALSE,33.9,2712,8.02,,4,7
9146,3,0,1972,AMAR SINGH,Haryana,BAWANIKHERA,VHP,VHP,23180,M,1,7,4,FALSE,FALSE,60.22,7866,20.43,,4,7
9146,4,0,1977,AMAR SINGH,Haryana,BAWANI KHERA,INC,VHP,6919,M,2,7,4,TRUE,TRUE,19.59,6150,17.42,,4,7
9146,5,0,1982,AMAR SINGH,Haryana,BAWANI KHERA,LKD,INC,24298,M,1,7,4,TRUE,FALSE,44.68,1335,2.45,,4,7
9146,6,0,1987,AMAR SINGH,Haryana,BAWANI KHERA,INC,LKD,19481,M,2,7,4,TRUE,TRUE,30.25,18770,29.15,,4,7
9146,7,0,1991,AMAR SINGH,Haryana,BAWANI KHERA,HVP,INC,21869,M,1,7,4,TRUE,FALSE,36.43,6977,11.62,,4,7
9146,8,0,1996,AMAR SINGH,Haryana,BAWANI KHERA,INC,HVP,10480,M,3,7,4,TRUE,TRUE,13.51,6468,8.34,,4,7
9148,7,0,1991,DHARAM PAL,Haryana,SOHNA,INC,,34047,M,1,2,1,FALSE,FALSE,46.66,17344,23.77,,1,2
9148,8,0,1996,DHARAM PAL,Haryana,SOHNA,INC,INC,20606,M,2,2,1,FALSE,TRUE,23.74,1379,1.59,,1,2
9157,7,0,1991,BALBIR SINGH,Haryana,MEHAM,IND,,743,M,5,2,1,FALSE,FALSE,1.09,566,0.83,,1,2
9157,8,0,1996,BALBIR,Haryana,MEHAM,SAP,IND,24210,M,1,2,1,FALSE,FALSE,32.24,257,0.34,,1,2
AEHR100365,7,1,1993,Chandermohan,Haryana,Kalka,INC,,82918,M,1,2,2,FALSE,FALSE,79.7,61800,59.4,,2,2
AEHR100365,8,0,1996,CHANDER MOHAN,Haryana,KALKA,INC,INC,54929,M,1,2,2,FALSE,TRUE,40.97,20629,15.38,,2,2
AEHR100368,7,1,1993,Randeep Singh,Haryana,Narwana,INC,,28342,M,2,2,1,FALSE,FALSE,37.47,0,0,,1,2
AEHR100368,8,0,1996,RANDEEP SINGH,Haryana,NARWANA,INC,INC,28286,M,1,2,1,FALSE,FALSE,32.63,849,0.98,,1,2
AEHR100369,8,1,1996,Kanta,Haryana,Jhajjar(SC),HVP,,45573,F,1,1,1,FALSE,FALSE,58.55,26039,33.45,,1,1
AEHR100370,8,1,1996,Shakuntla,Haryana,Jhajjar(SC),SJP(R),,19534,F,2,1,0,FALSE,FALSE,25.1,7607,9.77,,,1
AEHR100371,8,1,1996,Kirpa Ram,Haryana,Jhajjar(SC),INC,,11927,M,3,1,0,FALSE,FALSE,15.32,11617,14.92,,,1
AEHR100372,8,1,1996,Pyare Lal,Haryana,Jhajjar(SC),AIIC(T),,310,M,4,1,0,FALSE,FALSE,0.4,60,0.08,,,1
AEHR100377,8,1,1998,Sampat Singh,Haryana,FATEHABAD,HLD(R),,39712,M,1,1,1,FALSE,FALSE,41.09,7162,7.41,,1,1
AEHR100378,8,1,1998,Jarnail Kaur,Haryana,FATEHABAD,HVP,,32550,F,2,1,0,FALSE,FALSE,33.68,16667,17.25,,,1
AEHR100379,8,1,1998,Ram Raj Mehta,Haryana,FATEHABAD,INC,,15883,M,3,1,0,FALSE,FALSE,16.43,9149,9.47,,,1
AEHR100390,8,1,1998,Kuldeep Singh Bishnoi,Haryana,ADAMPUR,INC,,49077,M,1,1,1,FALSE,FALSE,53.51,17775,19.38,,1,1
AEHR100392,8,1,1998,Rajesh,Haryana,ADAMPUR,HLD(R),,5975,M,3,1,0,FALSE,FALSE,6.52,3854,4.2,,,1
AEHR11192,8,0,1996,K.V. SINGH,Haryana,DARBA KALAN,INC,,19602,M,3,1,0,FALSE,FALSE,20.43,19301,20.12,,,1
AEHR1175,3,0,1972,HIRANAND,Haryana,LOHARU,IND,,13213,M,2,5,3,FALSE,FALSE,32.21,7683,18.73,,3,5
AEHR1175,4,0,1977,HIRA NAND,Haryana,LOHARU,JNP,IND,29659,M,1,5,3,FALSE,FALSE,73.3,23583,58.28,,3,5
AEHR1175,5,0,1982,HIRA NAND,Haryana,LOHARU,LKD,JNP,25108,M,1,5,3,TRUE,TRUE,46.42,8984,16.61,,3,5
AEHR1175,6,0,1987,HIRA NAND ARYA,Haryana,LOHARU,LKD,LKD,38104,M,1,5,3,FALSE,TRUE,56.66,12613,18.75,,3,5
AEHR1175,8,0,1996,HIRANAND ARYA,Haryana,LOHARU,SAP,LKD,11126,M,2,5,3,TRUE,FALSE,13.54,3304,4.02,,3,5
AEHR1238,3,0,1972,LACHMAN DASS,Haryana,SIRSA,IND,,19889,M,2,6,2,FALSE,FALSE,44.93,17719,40.03,,2,6
AEHR1238,4,0,1977,LACHHMAN DAS,Haryana,SIRSA,IND,IND,9870,M,2,6,2,FALSE,FALSE,21.65,249,0.55,,2,6
AEHR1238,5,0,1982,LACHHMAN DAS ARORA,Haryana,SIRSA,IND,IND,18458,M,1,6,2,FALSE,FALSE,30.61,1780,2.95,,2,6
AEHR1238,6,0,1987,LACHHAMAN DAS ARORA,Haryana,SIRSA,INC,IND,24637,M,2,6,2,FALSE,TRUE,30.86,4913,6.15,,2,6
AEHR1238,7,0,1991,LACHHMAN DASS,Haryana,SIRSA,INC,INC,33102,M,1,6,2,FALSE,FALSE,40.44,18995,23.21,,2,6
AEHR1238,8,0,1996,LACHHMAN DASS S/O DHIRA MAL,Haryana,SIRSA,INC,INC,31599,M,2,6,2,FALSE,TRUE,31.84,8751,8.82,,2,6
AEHR1327,4,0,1977,RAM PAL SINGH,Haryana,GHARAUNDA,JNP,,17949,M,1,4,2,FALSE,FALSE,43.5,10952,26.54,,2,4
AEHR1327,6,0,1987,RAM PAL SINGH,Haryana,GHARAUNDA,IND,JNP,16850,M,3,4,2,FALSE,FALSE,26.17,15722,24.42,,2,4
AEHR1327,7,0,1991,RAM PAL SINGH S/O BASANT SINGH,Haryana,GHARAUNDA,INC,IND,19466,M,1,4,2,FALSE,FALSE,27.92,9774,14.02,,2,4
AEHR1327,8,0,1996,RAM PAL SINGH,Haryana,GHARAUNDA,INC,INC,11973,M,3,4,2,FALSE,TRUE,14.32,3606,4.31,,2,4
AEHR1361,4,0,1977,SATBIR,Haryana,NAULTHA,JNP,,22023,M,1,4,1,FALSE,FALSE,54.94,13361,33.33,,1,4
AEHR1361,5,0,1982,SATBIR,Haryana,NAULTHA,LKD,JNP,16713,M,2,4,1,TRUE,TRUE,31.66,10826,20.51,,1,4
AEHR1361,7,0,1991,SATYABIR SINGH MALIK,Haryana,NAULTHA,INC,LKD,23634,M,2,4,1,TRUE,FALSE,36.17,11207,17.15,,1,4
AEHR1361,8,0,1996,SATBIR,Haryana,NAULTHA,INC,INC,12113,M,3,4,1,FALSE,FALSE,15.26,2175,2.74,,1,4
AEHR1377,4,0,1977,RAM SINGH,Haryana,RADAUR,IND,,8728,M,2,4,1,FALSE,FALSE,22.88,1875,4.91,,1,4
AEHR1377,5,0,1982,RAM SINGH,Haryana,RADAUR,IND,IND,21759,M,1,4,1,FALSE,FALSE,43.78,6494,13.07,,1,4
AEHR1377,7,0,1991,RAM SINGH,Haryana,RADAUR,INC,IND,17010,M,3,4,1,FALSE,FALSE,26.1,14601,22.41,,1,4
AEHR1377,8,0,1996,RAM SINGH,Haryana,RADAUR,INC,INC,21184,M,2,4,1,FALSE,FALSE,25.38,9484,11.36,,1,4
AEHR1453,4,0,1977,JAI NARAIN,Haryana,KALANAUR,JNP,,23213,M,1,5,2,FALSE,FALSE,69.8,16134,48.51,,2,5
AEHR1453,5,0,1982,JAI NARAIN,Haryana,KALANAUR,BJP,JNP,15531,M,2,5,2,TRUE,TRUE,36.4,15081,35.34,,2,5
AEHR1453,6,0,1987,JAI NARIAN,Haryana,KALANAUR,BJP,BJP,30996,M,1,5,2,FALSE,FALSE,60.06,13785,26.71,,2,5
AEHR1453,7,0,1991,JAI NARAYAN,Haryana,KALANAUR,BJP,BJP,2516,M,4,5,2,FALSE,TRUE,4.74,2196,4.14,,2,5
AEHR1453,8,0,1996,JAI NARAIN,Haryana,KALANAUR,BJP,BJP,15818,M,2,5,2,FALSE,FALSE,26.91,1881,3.2,,2,5
AEHR1486,4,0,1977,SURAJ MAL,Haryana,BAHADURGARH,INC,,10584,M,3,3,1,FALSE,FALSE,23.66,10183,22.77,,1,3
AEHR1486,7,0,1991,SURAJ MAL,Haryana,BAHADURGARH,INC,INC,20956,M,1,3,1,FALSE,FALSE,30.9,3373,4.97,,1,3
AEHR1486,8,0,1996,SURAJ MAL,Haryana,BAHADURGARH,INC,INC,13700,M,3,3,1,FALSE,TRUE,16.79,9399,11.52,,1,3
AEHR1489,4,0,1977,BHALLE RAM,Haryana,BARODA,JNP,,14705,M,1,3,2,FALSE,FALSE,36.22,4033,9.93,,2,3
AEHR1489,5,0,1982,BHALE RAM,Haryana,BARODA,LKD,JNP,36159,M,1,3,2,TRUE,TRUE,64.94,18547,33.31,,2,3
AEHR1489,8,0,1996,BHALLE RAM,Haryana,BARODA,INC,LKD,3738,M,4,3,2,TRUE,FALSE,5.51,1627,2.4,,2,3
AEHR1504,4,0,1977,SHANTI DEVI,Haryana,KAILANA,JNP,,19299,F,1,4,2,FALSE,FALSE,43.87,4850,11.03,,2,4
AEHR1504,6,0,1987,SHANTI DEVI,Haryana,KAILANA,IND,JNP,9735,F,4,4,2,FALSE,FALSE,14.12,8831,12.81,,2,4
AEHR1504,7,0,1991,SHANTI DEVI,Haryana,KAILANA,INC,IND,30782,F,1,4,2,FALSE,FALSE,45.12,8173,11.98,,2,4
AEHR1504,8,0,1996,SHANTI DEVI,Haryana,KAILANA,INC,INC,2751,F,6,4,2,FALSE,TRUE,3.44,1760,2.2,,2,4
AEHR1550,4,0,1977,BIRENDER SINGH,Haryana,UCHANA KALAN,INC,,12120,M,1,3,3,FALSE,FALSE,26.31,1632,3.54,,3,3
AEHR1550,5,0,1982,BIRENDER SINGH,Haryana,UCHANA KALAN,INC,INC,30031,M,1,3,3,FALSE,TRUE,50.26,9806,16.41,,3,3
AEHR1550,8,0,1996,BIRENDER SINGH,Haryana,UCHANA KALAN,AIIC(T),INC,21755,M,1,3,3,TRUE,FALSE,28.18,3912,5.07,,3,3
AEHR1553,4,0,1977,DESH RAJ,Haryana,UCHANA KALAN,IND,,8647,M,4,5,1,FALSE,FALSE,18.77,5331,11.57,,1,5
AEHR1553,5,0,1982,DESH RAJ,Haryana,UCHANA KALAN,IND,IND,20225,M,2,5,1,FALSE,FALSE,33.85,13188,22.07,,1,5
AEHR1553,6,0,1987,DESH RAJ,Haryana,UCHANA KALAN,LKD,IND,55361,M,1,5,1,FALSE,FALSE,77.54,45248,63.37,,1,5
AEHR1553,7,0,1991,DES RAJ,Haryana,UCHANA KALAN,JP,LKD,23093,M,2,5,1,TRUE,TRUE,32.69,13365,18.92,,1,5
AEHR1553,8,0,1996,DESH RAJ,Haryana,UCHANA KALAN,INC,JP,17794,M,3,5,1,TRUE,FALSE,23.05,6953,9.01,,1,5
AEHR1654,4,0,1977,SHAKRULLA,Haryana,FEROZEPUR JHIRKA,IND,,9682,M,1,5,3,FALSE,FALSE,22.54,2446,5.7,,3,5
AEHR1654,5,0,1982,SHAKRULLA,Haryana,FEROZEPUR JHIRKA,INC,IND,12552,M,1,5,3,FALSE,TRUE,21.93,2102,3.67,,3,5
AEHR1654,6,0,1987,SHAKRULLA KHAN,Haryana,FEROZEPUR JHIRKA,INC,INC,14596,M,2,5,3,FALSE,TRUE,20.59,1954,2.76,,3,5
AEHR1654,7,0,1991,SHAKRULLA KHAN,Haryana,FEROZEPUR JHIRKA,INC,INC,22661,M,1,5,3,FALSE,FALSE,32.45,3477,4.98,,3,5
AEHR1654,8,0,1996,SHAKRULLA KHAN,Haryana,FEROZEPUR JHIRKA,INC,INC,15864,M,3,5,3,FALSE,TRUE,19.96,9113,11.47,,3,5
AEHR1691,4,0,1977,NARAIN SINGH,Haryana,PATAUDI,VHP,,17232,M,1,5,2,FALSE,FALSE,44.21,704,1.81,,2,5
AEHR1691,5,0,1982,NARAIN SINGH,Haryana,PATAUDI,IND,VHP,21942,M,2,5,2,FALSE,TRUE,41.21,15742,29.56,,2,5
AEHR1691,6,0,1987,NARAYAN SINGH,Haryana,PATAUDI,INC,IND,21421,M,2,5,2,FALSE,FALSE,33.32,19499,30.33,,2,5
AEHR1691,7,0,1991,NARAIN SINGH S/O BICHHLA RAM,Haryana,PATAUDI,HVP,INC,17004,M,2,5,2,TRUE,FALSE,27.69,4462,7.27,,2,5
AEHR1691,8,0,1996,NARAYAN SINGH S/O BICHHA RAM,Haryana,PATAUDI,HVP,HVP,31834,M,1,5,2,FALSE,FALSE,43.18,15425,20.92,,2,5
AEHR1756,4,0,1977,JAGAN NATH,Haryana,BAWANI KHERA,JNP,,26925,M,1,5,3,FALSE,FALSE,76.25,20006,56.65,,3,5
AEHR1756,5,0,1982,JAGAN NATH,Haryana,BAWANI KHERA,INC,JNP,22963,M,2,5,3,TRUE,TRUE,42.22,19620,36.08,,3,5
AEHR1756,6,0,1987,JAGAN NATH,Haryana,BAWANI KHERA,LKD,INC,42820,M,1,5,3,TRUE,FALSE,66.5,23339,36.24,,3,5
AEHR1756,7,0,1991,JAGAN NATH,Haryana,BAWANI KHERA,JP,LKD,14892,M,2,5,3,TRUE,TRUE,24.81,3162,5.27,,3,5
AEHR1756,8,0,1996,JAGAN NATH S/O GUR DAYAL,Haryana,BAWANI KHERA,HVP,JP,44372,M,1,5,3,TRUE,FALSE,57.22,30534,39.37,,3,5
AEHR1783,4,0,1977,AMIR CHAND,Haryana,HANSI,IND,,13539,M,2,5,2,FALSE,FALSE,29.08,9408,20.2,,2,5
AEHR1783,5,0,1982,AMIR CHAND,Haryana,HANSI,LKD,IND,20934,M,1,5,2,FALSE,FALSE,38.11,3793,6.91,,2,5
AEHR1783,6,0,1987,AMIR CHAND,Haryana,HANSI,INC,LKD,18436,M,2,5,2,TRUE,TRUE,26.61,17553,25.33,,2,5
AEHR1783,7,0,1991,AMIR CHAND,Haryana,HANSI,IND,INC,19689,M,1,5,2,FALSE,FALSE,29.2,1921,2.85,,2,5
AEHR1783,8,0,1996,AMIR CHAND S/O HAR GOBIND,Haryana,HANSI,INC,IND,23096,M,2,5,2,FALSE,TRUE,27.01,16162,18.9,,2,5
AEHR1799,4,0,1977,KANWAL SINGH,Haryana,GHIRAI,JNP,,18991,M,1,4,3,FALSE,FALSE,43.21,9420,21.43,,3,4
AEHR1799,5,0,1982,KANWAL SINGH,Haryana,GHIRAI,LKD,JNP,17975,M,1,4,3,TRUE,TRUE,33.63,2161,4.04,,3,4
AEHR1799,6,0,1987,KANWAL SINGH,Haryana,GHIRAI,INC,LKD,8571,M,3,4,3,TRUE,TRUE,12.28,2448,3.51,,3,4
AEHR1799,8,0,1996,KANWAL SINGH,Haryana,GHIRAI,HVP,INC,21497,M,1,4,3,TRUE,FALSE,27.24,326,0.41,,3,4
AEHR1821,4,0,1977,ATMA SINGH,Haryana,RATIA,IND,,1268,M,5,5,1,FALSE,FALSE,3.83,645,1.95,,1,5
AEHR1821,5,0,1982,ATMA SINGH,Haryana,RATIA,LKD,IND,17144,M,2,5,1,FALSE,FALSE,37.12,8981,19.45,,1,5
AEHR1821,6,0,1987,ATAMA SINGH,Haryana,RATIA,LKD,LKD,40242,M,1,5,1,FALSE,FALSE,61.59,18247,27.93,,1,5
AEHR1821,7,0,1991,ATMA SINGH,Haryana,RATIA,JP,LKD,11502,M,3,5,1,TRUE,TRUE,18.02,2856,4.48,,1,5
AEHR1821,8,0,1996,ATMA SINGH,Haryana,RATIA,SAP,JP,17327,M,2,5,1,TRUE,FALSE,21.54,5189,6.45,,1,5
AEHR1828,4,0,1977,HARMINDER SINGH,Haryana,FATEHABAD,IND,,10737,M,3,3,1,FALSE,FALSE,22.14,6014,12.4,,1,3
AEHR1828,5,0,1982,HARMINDER SINGH,Haryana,FATEHABAD,LKD,IND,20112,M,2,3,1,FALSE,FALSE,33.41,14122,23.46,,1,3
AEHR1828,8,0,1996,HARMINDER SINGH,Haryana,FATEHABAD,HVP,LKD,36199,M,1,3,1,TRUE,FALSE,38.71,18121,19.38,,1,3
AEHR1847,4,0,1977,BHAGI RAM,Haryana,ELLENABAD,JNP,,21769,M,1,5,4,FALSE,FALSE,51.38,7404,17.48,,4,5
AEHR1847,5,0,1982,BHAGI RAM,Haryana,ELLENABAD,LKD,JNP,32341,M,1,5,4,TRUE,TRUE,52.27,5818,9.4,,4,5
AEHR1847,6,0,1987,BHAGI RAM,Haryana,ELLENABAD,LKD,LKD,43912,M,1,5,4,FALSE,TRUE,58.74,15123,20.23,,4,5
AEHR1847,7,0,1991,BHAGI RAM,Haryana,ELLENABAD,JP,LKD,25834,M,2,5,4,TRUE,TRUE,33.02,21298,27.23,,4,5
AEHR1847,8,0,1996,BHAGI RAM,Haryana,ELLENABAD,SAP,JP,37107,M,1,5,4,TRUE,FALSE,40.86,7198,7.93,,4,5
AEHR1848,4,0,1977,MANI RAM,Haryana,ELLENABAD,IND,,14365,M,2,5,1,FALSE,FALSE,33.91,11331,26.75,,1,5
AEHR1848,5,0,1982,MANI RAM,Haryana,ELLENABAD,INC,IND,26523,M,2,5,1,FALSE,FALSE,42.87,24577,39.72,,1,5
AEHR1848,6,0,1987,MANI RAM,Haryana,ELLENABAD,INC,INC,28789,M,2,5,1,FALSE,FALSE,38.51,28272,37.82,,1,5
AEHR1848,7,0,1991,MANI RAM,Haryana,ELLENABAD,INC,INC,39595,M,1,5,1,FALSE,FALSE,50.61,13761,17.59,,1,5
AEHR1848,8,0,1996,MANI RAM,Haryana,ELLENABAD,INC,INC,17071,M,3,5,1,FALSE,TRUE,18.8,15164,16.7,,1,5
AEHR1862,4,0,1977,SUKHDEV SINGH,Haryana,RORI,JNP,,13368,M,1,3,1,FALSE,FALSE,30.07,2406,5.41,,1,3
AEHR1862,6,0,1987,SUKHDEV SINGH,Haryana,RORI,JNP,JNP,860,M,4,3,1,FALSE,FALSE,1.14,189,0.25,,1,3
AEHR1862,8,0,1996,SUKHDEV SINGH,Haryana,RORI,HVP,JNP,12087,M,3,3,1,TRUE,FALSE,13.07,11573,12.52,,1,3
AEHR1863,4,0,1977,JAGDISH NEHRA,Haryana,RORI,INC,,10962,M,2,5,2,FALSE,FALSE,24.66,1766,3.97,,2,5
AEHR1863,5,0,1982,JAGDISH MEHRA,Haryana,RORI,INC,INC,32921,M,1,5,2,FALSE,FALSE,56.83,11820,20.4,,2,5
AEHR1863,6,0,1987,JAGDISH NEHRA,Haryana,RORI,INC,INC,25444,M,2,5,2,FALSE,TRUE,33.66,21647,28.64,,2,5
AEHR1863,7,0,1991,JAGDISH MEHRA,Haryana,RORI,INC,INC,34902,M,1,5,2,FALSE,FALSE,45.44,9300,12.11,,2,5
AEHR1863,8,0,1996,JAGDISH NEHRA,Haryana,RORI,INC,INC,33485,M,2,5,2,FALSE,TRUE,36.22,21398,23.14,,2,5
AEHR1869,4,0,1977,MANI RAM,Haryana,DABWALI,JNP,,21017,M,1,4,3,FALSE,FALSE,51.17,7985,19.44,,3,4
AEHR1869,5,0,1982,MANI RAM,Haryana,DABWALI,LKD,JNP,26694,M,2,4,3,TRUE,TRUE,46.74,25641,44.9,,3,4
AEHR1869,6,0,1987,MANI RAM,Haryana,DABWALI,LKD,LKD,47652,M,1,4,3,FALSE,FALSE,64.72,28722,39.01,,3,4
AEHR1869,8,0,1996,MANI RAM,Haryana,DABWALI,SAP,LKD,29434,M,1,4,3,TRUE,FALSE,35.81,8737,10.63,,3,4
AEHR1883,4,0,1977,RAM SINGH,Haryana,REWARI,JNP,,19563,M,1,5,2,FALSE,FALSE,44.41,86,0.2,,2,5
AEHR1883,5,0,1982,RAM SINGH,Haryana,REWARI,IND,JNP,32378,M,1,5,2,FALSE,TRUE,53.22,8716,14.33,,2,5
AEHR1883,6,0,1987,RAM SINGH,Haryana,REWARI,IND,IND,11214,M,3,5,2,FALSE,TRUE,16.05,10204,14.6,,2,5
AEHR1883,7,0,1991,RAM SINGH,Haryana,SONEPAT,IND,IND,303,M,8,5,2,FALSE,FALSE,0.44,134,0.19,,2,5
AEHR1883,8,0,1996,RAM SINGH,Haryana,SONEPAT,BJP,IND,10116,M,3,5,2,FALSE,FALSE,11.38,2751,3.09,,2,5
AEHR1918,4,0,1977,PHUSA RAM,Haryana,NARNAUL,IND,,6574,M,3,5,2,FALSE,FALSE,14.22,276,0.6,,2,5
AEHR1918,5,0,1982,PHUSA RAM,Haryana,NARNAUL,INC,IND,25671,M,1,5,2,FALSE,FALSE,45.53,7373,13.08,,2,5
AEHR1918,6,0,1987,PHUSA RAM,Haryana,NARNAUL,INC,INC,21386,M,2,5,2,FALSE,TRUE,29.89,19811,27.69,,2,5
AEHR1918,7,0,1991,PHUSA RAM,Haryana,NARNAUL,INC,INC,29366,M,1,5,2,FALSE,FALSE,42.83,18243,26.61,,2,5
AEHR1918,8,0,1996,PHUSARAM,Haryana,NARNAUL,INC,INC,12393,M,4,5,2,FALSE,TRUE,15.06,9425,11.45,,2,5
AEHR1982,5,0,1982,KAMLA VERMA,Haryana,YAMUNANAGAR,BJP,,16226,F,2,4,2,FALSE,FALSE,29.13,10232,18.37,,2,4
AEHR1982,6,0,1987,KAMLA VERMA,Haryana,YAMUNANAGAR,BJP,BJP,31336,F,1,4,2,FALSE,FALSE,44.37,11312,16.02,,2,4
AEHR1982,7,0,1991,KAMLA VERMA,Haryana,YAMUNANAGAR,BJP,BJP,20699,F,2,4,2,FALSE,TRUE,27.17,7663,10.06,,2,4
AEHR1982,8,0,1996,KAMLA VERMA,Haryana,YAMUNANAGAR,BJP,BJP,35825,F,1,4,2,FALSE,FALSE,35.5,17456,17.3,,2,4
AEHR2030,5,0,1982,SUMER CHAND,Haryana,AMBALA CITY,INC,,18646,M,2,3,1,FALSE,FALSE,40.43,15470,33.55,,1,3
AEHR2030,7,0,1991,SUMER CHAND BHATT,Haryana,AMBALA CITY,INC,INC,20489,M,1,3,1,FALSE,FALSE,32.92,1101,1.77,,1,3
AEHR2030,8,0,1996,SUMER CHAND,Haryana,AMBALA CITY,INC,INC,24900,M,2,3,1,FALSE,TRUE,33.27,16389,21.9,,1,3
AEHR2125,5,0,1982,KATAR SINGH,Haryana,SAMBHALKA,INC,,17507,M,1,4,1,FALSE,FALSE,32.14,4127,7.58,,1,4
AEHR2125,6,0,1987,KATAR SINGH,Haryana,SAMBHALKA,IND,INC,11710,M,3,4,1,FALSE,TRUE,16.45,9934,13.95,,1,4
AEHR2125,7,0,1991,KATAR SINGH,Haryana,SAMBHALKA,INC,IND,22479,M,2,4,1,FALSE,FALSE,31.83,2522,3.57,,1,4
AEHR2125,8,0,1996,KATAR SINGH CHHOKAR,Haryana,SAMBHALKA,INC,INC,11693,M,3,4,1,FALSE,FALSE,13.4,2380,2.73,,1,4
AEHR2133,5,0,1982,PHOOL PATI,Haryana,SAMBHALKA,IND,,276,F,8,3,0,FALSE,FALSE,0.51,87,0.16,,,3
AEHR2133,7,0,1991,PHUL PATI,Haryana,SAMBHALKA,JP,IND,19957,F,3,3,0,FALSE,FALSE,28.26,17398,24.63,,,3
AEHR2133,8,0,1996,PHOOL PATI,Haryana,SAMBHALKA,SAP,JP,17723,F,2,3,0,TRUE,FALSE,20.31,6030,6.91,,,3
AEHR2159,4,0,1977,LEHRI SINGH,Haryana,RADAUR,JNP,,19868,M,1,5,2,FALSE,FALSE,52.07,11140,29.2,,2,5
AEHR2159,5,0,1982,LAHRI SINGH,Haryana,RADAUR,INC,JNP,15265,M,2,5,2,TRUE,TRUE,30.72,7841,15.78,,2,5
AEHR2159,6,0,1987,LEHRI SINGH,Haryana,RADAUR,IND,INC,11586,M,2,5,2,FALSE,FALSE,19,1117,1.83,,2,5
AEHR2159,7,0,1991,LEHRI SINGH,Haryana,RADAUR,HVP,IND,21645,M,1,5,2,FALSE,FALSE,33.21,2324,3.57,,2,5
AEHR2159,8,0,1996,LEHRI SINGH,Haryana,SADHAURA,INC,HVP,8674,M,4,5,2,TRUE,TRUE,9.43,2800,3.04,,2,5
AEHR2160,5,0,1982,RATTAN LAL,Haryana,RADAUR,BJP,,7424,M,3,4,1,FALSE,FALSE,14.94,4880,9.82,,1,4
AEHR2160,6,0,1987,RATTAN LAL KATARIA,Haryana,RADAUR,BJP,BJP,32215,M,1,4,1,FALSE,FALSE,52.82,20629,33.82,,1,4
AEHR2160,7,0,1991,RATTAN LAL KATARIA,Haryana,RADAUR,BJP,BJP,2409,M,4,4,1,FALSE,TRUE,3.7,279,0.43,,1,4
AEHR2160,8,0,1996,RATTAN LAL KATARIA,Haryana,RADAUR,BJP,BJP,11700,M,3,4,1,FALSE,FALSE,14.02,399,0.48,,1,4
AEHR2165,5,0,1982,BANTA RAM,Haryana,RADAUR,IND,,182,M,8,3,1,FALSE,FALSE,0.37,85,0.17,,1,3
AEHR2165,7,0,1991,BANTA RAM,Haryana,RADAUR,JP,IND,19321,M,2,3,1,FALSE,FALSE,29.65,2311,3.55,,1,3
AEHR2165,8,0,1996,BANTA RAM,Haryana,RADAUR,SAP,JP,30765,M,1,3,1,TRUE,FALSE,36.85,9581,11.48,,1,3
AEHR2184,5,0,1982,DILU RAM,Haryana,GUHLA,LKD,,23788,M,1,4,2,FALSE,FALSE,43.81,3904,7.19,,2,4
AEHR2184,6,0,1987,DILU RAM,Haryana,GUHLA,INC,LKD,14145,M,2,4,2,TRUE,TRUE,20.03,610,0.86,,2,4
AEHR2184,7,0,1991,DILLU RAM,Haryana,GUHLA,INC,INC,31760,M,2,4,2,FALSE,FALSE,42.21,27928,37.12,,2,4
AEHR2184,8,0,1996,DILLU RAM,Haryana,GUHLA,INC,INC,34385,M,1,4,2,FALSE,FALSE,35.75,2786,2.9,,2,4
AEHR2207,5,0,1982,MAKHAN SINGH,Haryana,PUNDRI,IND,,54,M,13,4,1,FALSE,FALSE,0.1,0,0,,1,4
AEHR2207,6,0,1987,MAKHAN SINGH,Haryana,PUNDRI,LKD,IND,33647,M,1,4,1,FALSE,FALSE,52.59,12397,19.38,,1,4
AEHR2207,7,0,1991,MAKHAN SINGH,Haryana,PUNDRI,JP,LKD,14476,M,2,4,1,TRUE,TRUE,21.22,2780,4.08,,1,4
AEHR2207,8,0,1996,MAKKHAN SINGH,Haryana,PUNDRI,SAP,JP,16323,M,3,4,1,TRUE,FALSE,19.24,1097,1.29,,1,4
AEHR2216,5,0,1982,NAR SINGH,Haryana,PAI,LKD,,24816,M,1,4,2,FALSE,FALSE,45.61,4628,8.51,,2,4
AEHR2216,6,0,1987,NAR SINGH,Haryana,PAI,LKD,LKD,44151,M,1,4,2,FALSE,TRUE,68.93,29483,46.03,,2,4
AEHR2216,7,0,1991,NAR SINGH,Haryana,PAI,JP,LKD,15904,M,2,4,2,TRUE,TRUE,24.69,2399,3.72,,2,4
AEHR2216,8,0,1996,NAR SINGH,Haryana,PAI,HVP,JP,22016,M,2,4,2,TRUE,FALSE,28.64,7078,9.21,,2,4
AEHR2219,5,0,1982,TAJINDER PAL SINGH,Haryana,PAI,INC,,20188,M,2,2,0,FALSE,FALSE,37.1,16240,29.85,,,2
AEHR2219,8,0,1996,TAJINDER PAL SINGH,Haryana,PAI,INC,INC,14938,M,3,2,0,FALSE,FALSE,19.44,5084,6.61,,,2
AEHR2222,5,0,1982,RAM PAL,Haryana,PAI,JNP,,884,M,5,2,1,FALSE,FALSE,1.62,669,1.23,,1,2
AEHR2222,8,0,1996,RAM PAL,Haryana,PAI,SAP,JNP,24291,M,1,2,1,TRUE,FALSE,31.6,2275,2.96,,1,2
AEHR2317,5,0,1982,DHIRPAL SINGH,Haryana,BADLI,LKD,,30193,M,1,4,4,FALSE,FALSE,63.17,14823,31.01,,4,4
AEHR2317,6,0,1987,DHIR PAL SINGH,Haryana,BADLI,LKD,LKD,35451,M,1,4,4,FALSE,TRUE,62.08,16366,28.66,,4,4
AEHR2317,7,0,1991,DHIRPAL SINGH,Haryana,BADLI,JP,LKD,29284,M,1,4,4,TRUE,TRUE,51.52,12376,21.77,,4,4
AEHR2317,8,0,1996,DHIR PAL SINGH,Haryana,BADLI,SAP,JP,23305,M,1,4,4,TRUE,TRUE,35.01,5562,8.36,,4,4
AEHR2318,5,0,1982,MANPHOOL SINGH,Haryana,BADLI,INC,,15370,M,2,4,0,FALSE,FALSE,32.15,14287,29.89,,,4
AEHR2318,6,0,1987,MAN PHUL SINGH,Haryana,BADLI,INC,INC,19085,M,2,4,0,FALSE,FALSE,33.42,17618,30.85,,,4
AEHR2318,7,0,1991,MANPHOOL SINGH,Haryana,BADLI,HVP,INC,16908,M,2,4,0,TRUE,FALSE,29.75,10266,18.06,,,4
AEHR2318,8,0,1996,MANPHOOL SINGH,Haryana,BADLI,HVP,HVP,17743,M,2,4,0,FALSE,FALSE,26.66,4293,6.45,,,4
AEHR2383,5,0,1982,MAHA SINGH,Haryana,RAI,IND,,24515,M,2,3,1,FALSE,FALSE,44.83,23391,42.77,,1,3
AEHR2383,6,0,1987,MAHA SINGH,Haryana,RAI,LKD,IND,44264,M,1,3,1,FALSE,FALSE,64.83,25959,38.02,,1,3
AEHR2383,8,0,1996,MAHA SINGH,Haryana,RAI,INC,LKD,7332,M,3,3,1,TRUE,FALSE,10,678,0.92,,1,3
AEHR2401,5,0,1982,BALDEVA,Haryana,KALAYAT,INC,,16760,M,2,3,0,FALSE,FALSE,35.05,15693,32.82,,,3
AEHR2401,6,0,1987,BALDEV SINGH,Haryana,KALAYAT,INC,INC,16582,M,2,3,0,FALSE,FALSE,27.29,15695,25.83,,,3
AEHR2401,8,0,1996,BAL DEV,Haryana,KALAYAT,AIIC(T),INC,7383,M,4,3,0,TRUE,FALSE,11.51,2665,4.16,,,3
AEHR2416,5,0,1982,OM PARKASH,Haryana,NARWANA,CPI,,1930,M,4,4,2,FALSE,FALSE,3.12,1421,2.3,,2,3
AEHR2416,7,1,1993,Om Parkash,Haryana,Narwana,JP,CPI,47297,M,1,4,2,TRUE,FALSE,62.53,18955,25.06,,2,3
AEHR2416,8,0,1996,OM PARKASH S/O DEVI LAL,Haryana,NARWANA,SAP,JP,25783,M,3,4,2,TRUE,TRUE,29.74,24473,28.23,,2,3
AEHR2416,8,0,1996,OM PARKASH S/O DEVI LAL,Haryana,RORI,SAP,SAP,41867,M,1,4,2,FALSE,TRUE,45.28,8382,9.07,,2,3
AEHR2439,5,0,1982,BRIJ MOHAN,Haryana,JIND,LKD,,27045,M,1,2,2,FALSE,FALSE,46.75,146,0.25,,2,2
AEHR2439,8,0,1996,BRIJ MOHAN,Haryana,JIND,HVP,LKD,40803,M,1,2,2,TRUE,FALSE,44.48,18558,20.23,,2,2
AEHR2453,5,0,1982,KULBIR SINGH,Haryana,JULANA,LKD,,17880,M,1,3,2,FALSE,FALSE,34.59,5157,9.98,,2,3
AEHR2453,6,0,1987,KULBIR SINGH,Haryana,JULANA,LKD,LKD,40965,M,1,3,2,FALSE,TRUE,65.66,21447,34.37,,2,3
AEHR2453,8,0,1996,KULBIR SINGH,Haryana,JULANA,INC,LKD,2310,M,5,3,2,TRUE,FALSE,3.16,954,1.3,,2,3
AEHR2496,5,0,1982,A. C. CHAUDHARY,Haryana,FARIDABAD,INC,,34983,M,1,4,2,FALSE,FALSE,49.46,11944,16.89,,2,4
AEHR2496,6,0,1987,A. C. CHAUDHARY,Haryana,FARIDABAD,INC,INC,40838,M,2,4,2,FALSE,TRUE,41.51,34494,35.07,,2,4
AEHR2496,7,0,1991,A. C. CHAUDHARY,Haryana,FARIDABAD,INC,INC,45896,M,1,4,2,FALSE,FALSE,46.39,22890,23.14,,2,4
AEHR2496,8,0,1996,A.C. CHAUDHARY,Haryana,FARIDABAD,INC,INC,28518,M,2,4,2,FALSE,TRUE,22.37,18099,14.2,,2,4
AEHR2533,5,0,1982,RAJINDER SINGH S/O GAJRAJ SINGH,Haryana,BALLABGARH,INC,,18165,M,2,3,1,FALSE,FALSE,28.35,3062,4.78,,1,3
AEHR2533,7,0,1991,RAJINDER SINGH BISLA,Haryana,BALLABGARH,INC,INC,32225,M,1,3,1,FALSE,FALSE,40.03,13593,16.89,,1,3
AEHR2533,8,0,1996,RAJENDER S/O GAJ RAJ,Haryana,BALLABGARH,INC,INC,19558,M,2,3,1,FALSE,TRUE,20.25,11129,11.52,,1,3
AEHR2554,5,0,1982,RAM RATTAN,Haryana,HASSANPUR,IND,,1393,M,4,3,1,FALSE,FALSE,2.61,1081,2.03,,1,3
AEHR2554,7,0,1991,RAM RATTAN,Haryana,HASSANPUR,INC,IND,24962,M,1,3,1,FALSE,FALSE,37.11,835,1.24,,1,3
AEHR2554,8,0,1996,RAM RATTAN,Haryana,HASSANPUR,INC,INC,4660,M,4,3,1,FALSE,TRUE,6.74,2259,3.27,,1,3
AEHR2564,5,0,1982,HARSH KUMAR,Haryana,HATHIN,IND,,125,M,13,4,1,FALSE,FALSE,0.24,12,0.02,,1,4
AEHR2564,6,0,1987,HARSH KUMAR,Haryana,HATHIN,IND,IND,9577,M,3,4,1,FALSE,FALSE,15.26,1050,1.67,,1,4
AEHR2564,7,0,1991,HARSH KUMAR,Haryana,HATHIN,IND,IND,13959,M,3,4,1,FALSE,FALSE,21.68,2434,3.78,,1,4
AEHR2564,8,0,1996,HARSH KUMAR,Haryana,HATHIN,HVP,IND,16252,M,1,4,1,FALSE,FALSE,23.51,6121,8.85,,1,4
AEHR2639,5,0,1982,DHARAM BIR,Haryana,GURGAON,INC,,24809,M,1,4,3,FALSE,FALSE,42.78,8199,14.14,,3,4
AEHR2639,6,0,1987,DHARAM VIR GAWA,Haryana,GURGAON,INC,INC,24545,M,2,4,3,FALSE,TRUE,30.22,19191,23.63,,3,4
AEHR2639,7,0,1991,DHARAMBIR S/O PANNU RAM,Haryana,GURGAON,INC,INC,37081,M,1,4,3,FALSE,FALSE,44.23,19202,22.9,,3,4
AEHR2639,8,0,1996,DHARAMBIR,Haryana,GURGAON,INC,INC,33716,M,1,4,3,FALSE,TRUE,30.38,7358,6.63,,3,4
AEHR2650,5,0,1982,SITA RAM SINGLA,Haryana,GURGAON,BJP,,16610,M,2,4,1,FALSE,FALSE,28.64,6961,12,,1,4
AEHR2650,6,0,1987,SITA RAM SINGHLA,Haryana,GURGAON,BJP,BJP,48596,M,1,4,1,FALSE,FALSE,59.83,24051,29.61,,1,4
AEHR2650,7,0,1991,SITA RAM SINGLA,Haryana,GURGAON,BJP,BJP,11060,M,3,4,1,FALSE,TRUE,13.19,3547,4.23,,1,4
AEHR2650,8,0,1996,SITA RAM,Haryana,GURGAON,BJP,BJP,26358,M,2,4,1,FALSE,FALSE,23.75,261,0.24,,1,4
AEHR2660,5,0,1982,MOHAN LAL,Haryana,PATAUDI,INC,,22739,M,1,3,2,FALSE,FALSE,42.7,797,1.5,,2,3
AEHR2660,7,0,1991,MOHAN LAL,Haryana,PATAUDI,JP,INC,21566,M,1,3,2,TRUE,FALSE,35.12,4562,7.43,,2,3
AEHR2660,8,0,1996,MOHAN LAL,Haryana,PATAUDI,INC,JP,11694,M,3,3,2,TRUE,TRUE,15.86,7986,10.83,,2,3
AEHR2736,5,0,1982,SURENDER SINGH,Haryana,TOSHAM,INC,,33283,M,1,2,1,FALSE,FALSE,60.83,25628,46.84,,1,2
AEHR2736,8,0,1996,SURENDER SINGH,Haryana,ADAMPUR,HVP,INC,34133,M,2,2,1,TRUE,FALSE,36.03,30552,32.25,,1,2
AEHR2786,5,0,1982,SURENDER,Haryana,BARWALA,IND,,9016,M,4,4,1,FALSE,FALSE,15.72,7013,12.23,,1,4
AEHR2786,6,0,1987,SURENDER,Haryana,BARWALA,LKD,IND,44823,M,1,4,1,FALSE,FALSE,62.28,28837,40.07,,1,4
AEHR2786,7,0,1991,SURENDER,Haryana,BARWALA,JD,LKD,19474,M,2,4,1,TRUE,TRUE,27.42,8688,12.23,,1,4
AEHR2786,8,0,1996,SURINDER S/O TIKKA RAM,Haryana,BARWALA,SAP,JD,16865,M,3,4,1,TRUE,FALSE,19.59,8985,10.44,,1,4
AEHR2796,5,0,1982,JASWANT SINGH,Haryana,NARNAUND,IND,,4539,M,4,3,1,FALSE,FALSE,8.2,3650,6.6,,1,3
AEHR2796,7,0,1991,JASWANT SINGH,Haryana,NARNAUND,INC,IND,19973,M,2,3,1,FALSE,FALSE,32.03,1715,2.75,,1,3
AEHR2796,8,0,1996,JASWANT SINGH,Haryana,NARNAUND,HVP,INC,31439,M,1,3,1,TRUE,FALSE,41.04,10773,14.06,,1,3
AEHR2820,5,0,1982,SAMPAT SINGH,Haryana,BHATTU KALAN,IND,,28780,M,1,4,3,FALSE,FALSE,53.85,7063,13.21,,3,4
AEHR2820,6,0,1987,SAMPAT SINGH,Haryana,BHATTU KALAN,LKD,IND,42251,M,1,4,3,FALSE,TRUE,60.57,17717,25.4,,3,4
AEHR2820,7,0,1991,SAMPAT SINGH,Haryana,BHATTU KALAN,JP,LKD,25004,M,1,4,3,TRUE,TRUE,36.49,2674,3.9,,3,4
AEHR2820,8,0,1996,SAMPAT SINGH,Haryana,BHATTU KALAN,SAP,JP,33355,M,2,4,3,TRUE,TRUE,38.84,24696,28.76,,3,4
AEHR2821,5,0,1982,RAN SINGH,Haryana,BHATTU KALAN,INC,,21717,M,2,3,0,FALSE,FALSE,40.63,20645,38.63,,,3
AEHR2821,7,0,1991,RAN SINGH,Haryana,BHATTU KALAN,INC,INC,16488,M,3,3,0,FALSE,FALSE,24.06,15433,22.52,,,3
AEHR2821,8,0,1996,RAN SINGH,Haryana,BHATTU KALAN,INC,INC,8659,M,3,3,0,FALSE,FALSE,10.08,7958,9.27,,,3
AEHR3037,6,0,1987,JAO PARKASH,Haryana,NARAINGARH,IND,,113,M,11,2,0,FALSE,FALSE,0.18,35,0.05,,,2
AEHR3037,8,0,1996,JAI PARKASH,Haryana,NARWANA,HVP,IND,27437,M,2,2,0,FALSE,FALSE,31.65,1654,1.91,,,2
AEHR3039,6,0,1987,RAM SINGH,Haryana,NARAINGARH,IND,,59,M,13,2,0,FALSE,FALSE,0.09,0,0,,,2
AEHR3039,8,0,1996,RAM SINGH,Haryana,NARAINGARH,SAP,IND,14015,M,3,2,0,FALSE,FALSE,17.11,2956,3.61,,,2
AEHR3044,6,0,1987,OM PARKASH,Haryana,NARAINGARH,LKD(A),,553,M,6,3,1,FALSE,FALSE,0.86,57,0.09,,1,3
AEHR3044,7,0,1991,OM PARKASH JINDAL,Haryana,HISSAR,HVP,LKD(A),37909,M,1,3,1,TRUE,FALSE,47.76,4117,5.19,,1,3
AEHR3044,8,0,1996,OM PARKASH,Haryana,NARAINGARH,INC,HVP,11059,M,4,3,1,TRUE,TRUE,13.5,6287,7.67,,1,3
AEHR3052,6,0,1987,RAMJI LAL,Haryana,SADHAURA,IND,,869,M,5,3,1,FALSE,FALSE,1.24,237,0.34,,1,3
AEHR3052,7,0,1991,RAMJI LAL,Haryana,SADHAURA,JP,IND,16786,M,2,3,1,FALSE,FALSE,22.56,6309,8.48,,1,3
AEHR3052,8,0,1996,RAMJI LAL,Haryana,SADHAURA,SAP,JP,26142,M,1,3,1,TRUE,FALSE,28.41,2067,2.25,,1,3
AEHR3054,6,0,1987,AMAR SINGH,Haryana,SADHAURA,IND,,286,M,7,2,0,FALSE,FALSE,0.41,64,0.09,,,2
AEHR3054,8,0,1996,AMAR SINGH,Haryana,SADHAURA,AIIC(T),IND,906,M,7,2,0,FALSE,FALSE,0.98,225,0.24,,,2
AEHR3126,6,0,1987,RAJ KUMAR,Haryana,AMBALA CITY,IND,,120,M,17,2,0,FALSE,FALSE,0.22,5,0.01,,,2
AEHR3126,8,0,1996,RAJ KUMAR,Haryana,AMBALA CITY,AIIC(T),IND,2107,M,6,2,0,FALSE,FALSE,2.82,1659,2.22,,,2
AEHR3162,6,0,1987,JAI SINGH,Haryana,NILOKHERI,IND,,17757,M,1,3,3,FALSE,FALSE,26.51,3686,5.5,,3,3
AEHR3162,7,0,1991,JAI SINGH,Haryana,NILOKHERI,IND,IND,24099,M,1,3,3,FALSE,TRUE,34.62,12819,18.41,,3,3
AEHR3162,8,0,1996,JAI SINGH,Haryana,NILOKHERI,INC,IND,31536,M,1,3,3,FALSE,TRUE,36.02,9582,10.95,,3,3
AEHR3192,6,0,1987,JAI PRAKASH,Haryana,KARNAL,INC,,26955,M,2,3,1,FALSE,FALSE,44.04,26574,43.42,,1,3
AEHR3192,7,0,1991,JAI PARKASH,Haryana,KARNAL,INC,INC,36485,M,1,3,1,FALSE,FALSE,51.63,19687,27.86,,1,3
AEHR3192,8,0,1996,JAI PARKASH,Haryana,KARNAL,INC,INC,27093,M,2,3,1,FALSE,TRUE,28.63,11157,11.79,,1,3
AEHR3242,6,0,1987,BAL BIR PAL SHAH,Haryana,PANIPAT,INC,,32476,M,1,3,2,FALSE,FALSE,42,10974,14.19,,2,3
AEHR3242,7,0,1991,BALBIR PAUL SAHAH,Haryana,PANIPAT,INC,INC,32745,M,1,3,2,FALSE,TRUE,40.26,8241,10.13,,2,3
AEHR3242,8,0,1996,BALBIR PAUL,Haryana,PANIPAT,INC,INC,31508,M,2,3,2,FALSE,TRUE,27.18,2187,1.89,,2,3
AEHR3301,6,0,1987,KHARITI LAL,Haryana,SHAHABAD,IND,,12130,M,2,3,1,FALSE,FALSE,18.66,3771,5.8,,1,3
AEHR3301,7,0,1991,KHARAITI LAL,Haryana,SHAHABAD,BJP,IND,18165,M,1,3,1,FALSE,FALSE,26.09,641,0.92,,1,3
AEHR3301,8,0,1996,KHARAITI LAL,Haryana,SHAHABAD,INC,BJP,14678,M,3,3,1,TRUE,TRUE,17.36,6520,7.71,,1,3
AEHR3380,6,0,1987,ISHWAR SINGH,Haryana,GUHLA,IND,,13535,M,3,2,0,FALSE,FALSE,19.17,12686,17.97,,,2
AEHR3380,8,0,1996,ISHWAR SINGH,Haryana,GUHLA,HVP,IND,25894,M,3,2,0,FALSE,FALSE,26.92,25059,26.05,,,2
AEHR3426,6,0,1987,BALWANT SINGH,Haryana,HASSANGARH,IND,,75,M,12,3,2,FALSE,FALSE,0.14,25,0.05,,2,3
AEHR3426,7,0,1991,BALWANT SINGH,Haryana,HASSANGARH,JP,IND,27929,M,1,3,2,FALSE,FALSE,49.08,4829,8.49,,2,3
AEHR3426,8,0,1996,BALWANT SINGH,Haryana,HASSANGARH,SAP,JP,20454,M,1,3,2,TRUE,TRUE,34.75,5346,9.08,,2,3
AEHR3427,6,0,1987,VIRENDRA KUMAR,Haryana,HASSANGARH,IND,,50,M,13,3,0,FALSE,FALSE,0.09,9,0.02,,,3
AEHR3427,7,0,1991,VIRENDRA KUMAR,Haryana,HASSANGARH,INC,IND,23100,M,2,3,0,FALSE,FALSE,40.59,19754,34.71,,,3
AEHR3427,8,0,1996,VEERENDRA KUMAR,Haryana,HASSANGARH,AIIC(T),INC,15108,M,2,3,0,TRUE,FALSE,25.67,4908,8.34,,,3
AEHR3431,6,0,1987,BASANTI DEVI,Haryana,HASSANGARH,LKD(A),,2417,F,4,3,0,FALSE,FALSE,4.35,2043,3.68,,,3
AEHR3431,7,0,1991,BASANTI DEVI,Haryana,HASSANGARH,IND,LKD(A),48,F,13,3,0,FALSE,FALSE,0.08,3,0.01,,,3
AEHR3431,8,0,1996,BASANTI DEVI,Haryana,HASSANGARH,HVP,IND,10200,F,3,3,0,FALSE,FALSE,17.33,2071,3.52,,,3
AEHR3437,6,0,1987,SRI KISHAN,Haryana,KILOI,LKD,,33650,M,1,3,2,FALSE,FALSE,60.2,15023,26.88,,2,3
AEHR3437,7,0,1991,SHRI KRISHAN,Haryana,KILOI,JP,LKD,24038,M,2,3,2,TRUE,TRUE,39.68,19351,31.94,,2,3
AEHR3437,8,0,1996,SHRI KRISHAN,Haryana,KILOI,SAP,JP,27884,M,1,3,2,TRUE,FALSE,40.37,8165,11.82,,2,3
AEHR346,1,0,1967,CHANDRAWATI,Haryana,BADHRA,INC,,9635,F,2,7,4,FALSE,FALSE,23.84,4567,11.3,,4,7
AEHR346,2,0,1968,CHANDRAVATI,Haryana,LOHARU,INC,INC,14480,F,1,7,4,FALSE,FALSE,49.11,1498,5.08,,4,7
AEHR346,3,0,1972,CHANDRA WATI,Haryana,LOHARU,INC,INC,20565,F,1,7,4,FALSE,TRUE,50.13,7352,17.92,,4,7
AEHR346,5,0,1982,CHANDRA WATI,Haryana,BADHRA,LKD,INC,21905,F,1,7,4,TRUE,FALSE,40.71,1097,2.04,,4,7
AEHR346,6,0,1987,CHANDRAVATI,Haryana,BADHRA,LKD(A),LKD,2070,F,3,7,4,TRUE,TRUE,3.29,1409,2.24,,4,7
AEHR346,7,0,1991,CHANDRAWATI,Haryana,LOHARU,JD,LKD(A),23953,F,1,7,4,TRUE,FALSE,39.43,12491,20.56,,4,7
AEHR346,8,0,1996,CHANDRAWATI,Haryana,LOHARU,INC,JD,3364,F,5,7,4,TRUE,TRUE,4.09,35,0.04,,4,7
AEHR3461,4,0,1977,SRI KISHAN DAS,Haryana,ROHTAK,INC,,16109,M,2,4,1,FALSE,FALSE,32.17,15795,31.54,,1,4
AEHR3461,6,0,1987,SIRI KISHAN DASS,Haryana,ROHTAK,INC,INC,34204,M,2,4,1,FALSE,FALSE,46.58,33240,45.27,,1,4
AEHR3461,7,0,1991,SHRIKISHAN DASS,Haryana,ROHTAK,HVP,INC,23791,M,2,4,1,TRUE,FALSE,31.47,5355,7.08,,1,4
AEHR3461,8,0,1996,SHRI KISHAN DASS,Haryana,ROHTAK,HVP,HVP,56863,M,1,4,1,FALSE,FALSE,64.85,32818,37.43,,1,4
AEHR3476,6,0,1987,SARUP SINGH,Haryana,MEHAM,INC,,19595,M,2,2,0,FALSE,FALSE,28.89,18650,27.49,,,2
AEHR3476,8,0,1996,SARUP SINGH,Haryana,MEHAM,HVP,INC,20382,M,3,2,0,TRUE,FALSE,27.14,18138,24.15,,,2
AEHR3571,6,0,1987,KISHAN SINGH,Haryana,GOHANA,LKD,,32894,M,1,3,1,FALSE,FALSE,45.07,19122,26.2,,1,3
AEHR3571,7,0,1991,KISHAN SINGH,Haryana,GOHANA,JP,LKD,15185,M,3,3,1,TRUE,TRUE,21.5,9196,13.02,,1,3
AEHR3571,8,0,1996,KISHAN SINGH,Haryana,GOHANA,SAP,JP,21965,M,2,3,1,TRUE,FALSE,27.77,4140,5.23,,1,3
AEHR3585,6,0,1987,VED SINGH,Haryana,KAILANA,LKD,,31113,M,1,2,1,FALSE,FALSE,45.14,17614,25.56,,1,2
AEHR3585,8,0,1996,VED SINGH,Haryana,KAILANA,SAP,LKD,22724,M,2,2,1,TRUE,FALSE,28.38,4278,5.34,,1,2
AEHR3609,6,0,1987,SHAM DASS,Haryana,SONEPAT,INC,,19217,M,2,3,1,FALSE,FALSE,29.26,12633,19.24,,1,3
AEHR3609,7,0,1991,SHAM DASS,Haryana,SONEPAT,INC,INC,25623,M,1,3,1,FALSE,FALSE,37.07,8600,12.44,,1,3
AEHR3609,8,0,1996,SHAM DASS MUKHIJA,Haryana,SONEPAT,INC,INC,5760,M,5,3,1,FALSE,TRUE,6.48,1731,1.95,,1,3
AEHR3663,6,0,1987,JAGPHOOL SINGH,Haryana,UCHANA KALAN,LKD(A),,180,M,7,2,0,FALSE,FALSE,0.25,0,0,,,2
AEHR3663,8,0,1996,JAGPHOOL SINGH,Haryana,UCHANA KALAN,HVP,LKD(A),10841,M,4,2,0,TRUE,FALSE,14.04,5098,6.6,,,2
AEHR3667,6,0,1987,RAM PAL,Haryana,RAJOND,IND,,51,M,12,2,0,FALSE,FALSE,0.09,2,0,,,2
AEHR3667,8,0,1996,RAM PAL,Haryana,RAJOND,INC,IND,6913,M,4,2,0,FALSE,FALSE,10.48,1633,2.48,,,2
AEHR3683,6,0,1987,PARMA NAND,Haryana,JIND,LKD,,39323,M,1,2,1,FALSE,FALSE,53.11,8102,10.94,,1,2
AEHR3683,8,0,1996,PARMA NAND,Haryana,JIND,AIIC(T),LKD,2570,M,5,2,1,TRUE,FALSE,2.8,1637,1.78,,1,2
AEHR3694,4,0,1977,MANGE RAM,Haryana,JIND,IND,,15751,M,1,5,2,FALSE,FALSE,36.95,6105,14.32,,2,5
AEHR3694,5,0,1982,MANGE RAM S/O PAT RAM,Haryana,JIND,INC,IND,26899,M,2,5,2,FALSE,TRUE,46.5,25863,44.71,,2,5
AEHR3694,6,0,1987,MANGE RAM GUPTA,Haryana,JIND,INC,INC,31221,M,2,5,2,FALSE,FALSE,42.17,30205,40.8,,2,5
AEHR3694,7,0,1991,MANGE RAM GUPTA,Haryana,JIND,INC,INC,35346,M,1,5,2,FALSE,FALSE,47.58,16133,21.72,,2,5
AEHR3694,8,0,1996,MANGE RAM,Haryana,JIND,INC,INC,22245,M,2,5,2,FALSE,TRUE,24.25,6286,6.85,,2,5
AEHR3803,6,0,1987,KISHAN CHAND,Haryana,PALWAL,INC,,16139,M,2,3,0,FALSE,FALSE,23.16,7391,10.61,,,3
AEHR3803,7,0,1991,KISHAN CHAND,Haryana,PALWAL,DDP,INC,203,M,7,3,0,TRUE,FALSE,0.28,21,0.03,,,3
AEHR3803,8,0,1996,KISHAN CHAND,Haryana,PALWAL,INC,DDP,9808,M,3,3,0,TRUE,FALSE,12.35,2605,3.28,,,3
AEHR3811,6,0,1987,UDAIBHAN,Haryana,HASSANPUR,LKD,,28371,M,1,3,1,FALSE,FALSE,45.6,4472,7.19,,1,3
AEHR3811,7,0,1991,UDAI BHAN,Haryana,HASSANPUR,JP,LKD,24127,M,2,3,1,TRUE,TRUE,35.87,12725,18.92,,1,3
AEHR3811,8,0,1996,UDAI BHAN,Haryana,HASSANPUR,IND,JP,22748,M,2,3,1,FALSE,FALSE,32.91,16137,23.34,,1,3
AEHR3818,6,0,1987,CHANDAN SINGH,Haryana,HASSANPUR,IND,,2545,M,5,2,0,FALSE,FALSE,4.09,1737,2.79,,,2
AEHR3818,8,0,1996,CHANDAN SINGH,Haryana,HASSANPUR,AIIC(T),IND,1968,M,6,2,0,FALSE,FALSE,2.85,1579,2.28,,,2
AEHR3853,6,0,1987,ABDUL RAJAK,Haryana,FEROZEPUR JHIRKA,IND,,371,M,9,2,0,FALSE,FALSE,0.52,87,0.12,,,2
AEHR3853,8,0,1996,ABDUL RAZAQ S/O SHADI KHAN,Haryana,FEROZEPUR JHIRKA,HVP,IND,21414,M,2,2,0,FALSE,FALSE,26.94,5550,6.98,,,2
AEHR3944,6,0,1987,JAGJIT SINGH,Haryana,DADRI,IND,,14073,M,3,3,0,FALSE,FALSE,23.44,12555,20.91,,,3
AEHR3944,7,0,1991,JAGJEET SINGH,Haryana,DADRI,INC,IND,20838,M,2,3,0,FALSE,FALSE,33.18,6659,10.6,,,3
AEHR3944,8,0,1996,JAGJIT SINGH,Haryana,DADRI,INC,INC,22269,M,2,3,0,FALSE,FALSE,29.62,12301,16.36,,,3
AEHR3980,6,0,1987,SHIV KUMAR,Haryana,BHIWANI,INC,,15946,M,2,3,0,FALSE,FALSE,23.07,15431,22.32,,,3
AEHR3980,7,0,1991,SHIV KUMAR S/O KADAR NATH,Haryana,BHIWANI,IND,INC,8472,M,2,3,0,FALSE,FALSE,13.59,562,0.9,,,3
AEHR3980,8,0,1996,SHIV KUMAR S/O KEDAR NATH,Haryana,BHIWANI,INC,IND,19712,M,2,3,0,FALSE,FALSE,26.17,13224,17.56,,,3
AEHR4045,6,0,1987,RELU RAM,Haryana,BARWALA,IND,,110,M,9,2,1,FALSE,FALSE,0.15,29,0.04,,1,2
AEHR4045,8,0,1996,RELU RAM,Haryana,BARWALA,IND,IND,30046,M,1,2,1,FALSE,FALSE,34.91,10789,12.53,,1,2
AEHR4315,6,0,1987,DAN SINGH,Haryana,MAHENDRAGARH,IND,,147,M,7,2,0,FALSE,FALSE,0.19,42,0.05,,,2
AEHR4315,8,0,1996,DAN SINGH,Haryana,MAHENDRAGARH,IND,IND,15307,M,2,2,0,FALSE,FALSE,16.79,2743,3.01,,,2
AEHR4373,7,0,1991,ASHOK KUMAR,Haryana,NARAINGARH,INC,,10869,M,2,2,0,FALSE,FALSE,15.83,887,1.29,,,2
AEHR4373,8,0,1996,ASHOK KUMAR,Haryana,NARAINGARH,AIIC(T),INC,2453,M,7,2,0,TRUE,FALSE,2.99,782,0.95,,,2
AEHR4391,7,0,1991,DEEP CHAND,Haryana,SADHAURA,HVP,,8559,M,5,2,0,FALSE,FALSE,11.5,5833,7.84,,,2
AEHR4391,8,0,1996,DEEP CHAND,Haryana,SADHAURA,IND,HVP,24075,M,2,2,0,FALSE,FALSE,26.16,3606,3.92,,,2
AEHR4402,5,0,1982,AMAN KUMAR,Haryana,NARAINGARH,IND,,3550,M,5,3,0,FALSE,FALSE,6.8,1198,2.29,,,3
AEHR4402,7,0,1991,AMAN KUMAR,Haryana,CHHACHHRAULI,BSP,IND,16623,M,2,3,0,FALSE,FALSE,23.29,3233,4.53,,,3
AEHR4402,8,0,1996,AMAN KUMAR,Haryana,CHHACHHRAULI,BSP,BSP,21925,M,2,3,0,FALSE,FALSE,24.73,143,0.16,,,3
AEHR4403,7,0,1991,MAHIPAL SINGH,Haryana,CHHACHHRAULI,JP,,13390,M,3,2,0,FALSE,FALSE,18.76,1176,1.65,,,2
AEHR4403,8,0,1996,MAHI PAL SINGH,Haryana,CHHACHHRAULI,SAP,JP,12839,M,4,2,0,TRUE,FALSE,14.48,6438,7.26,,,2
AEHR4404,7,0,1991,KANWAR PAL,Haryana,CHHACHHRAULI,BJP,,12214,M,4,2,0,FALSE,FALSE,17.12,3658,5.13,,,2
AEHR4404,8,0,1996,KANWAR PAL,Haryana,CHHACHHRAULI,BJP,BJP,21782,M,3,2,0,FALSE,FALSE,24.57,8943,10.09,,,2
AEHR4430,7,0,1991,OM PRAKASH SHARMA,Haryana,JAGADHRI,HVP,,17316,M,1,2,1,FALSE,FALSE,23.47,1645,2.23,,1,2
AEHR4430,8,0,1996,OM PARKASH SHARMA,Haryana,JAGADHRI,INC,HVP,14434,M,3,2,1,TRUE,TRUE,15.88,544,0.6,,1,2
AEHR4436,7,0,1991,RAJ KUMAR SAINI,Haryana,JAGADHRI,JP,,12919,M,4,2,0,FALSE,FALSE,17.51,3956,5.36,,,2
AEHR4436,8,0,1996,RAJ KUMAR SAINI,Haryana,JAGADHRI,SAP,JP,13890,M,4,2,0,TRUE,FALSE,15.29,6320,6.95,,,2
AEHR4479,7,0,1991,FAQIR CHAND AGGARWAL,Haryana,AMBALA CITY,BJP,,19388,M,2,3,1,FALSE,FALSE,31.15,9144,14.69,,1,2
AEHR4479,7,0,1991,FAQIR CHAND,Haryana,NAGGAL,BJP,BJP,3397,M,4,3,1,FALSE,FALSE,4.77,770,1.08,,1,2
AEHR4479,8,0,1996,FAQIR CHAND,Haryana,AMBALA CITY,BJP,BJP,28570,M,1,3,1,FALSE,FALSE,38.18,3670,4.9,,1,2
AEHR4511,7,0,1991,BHIM SAIN,Haryana,INDRI,IND,,13461,M,2,2,1,FALSE,FALSE,18.2,2268,3.07,,1,2
AEHR4511,8,0,1996,BHIM SEN,Haryana,INDRI,IND,IND,20930,M,1,2,1,FALSE,FALSE,21.63,4232,4.37,,1,2
AEHR4567,7,0,1991,BRIJ KUMAR,Haryana,KARNAL,JP,,4000,M,4,2,0,FALSE,FALSE,5.66,1366,1.93,,,2
AEHR4567,8,0,1996,BRIJ KUMAR,Haryana,KARNAL,SAP,JP,7044,M,4,2,0,TRUE,FALSE,7.44,4772,5.04,,,2
AEHR4573,7,0,1991,RAJ KUMAR S/O DASS RAM,Haryana,JUNDLA,INC,,16511,M,1,2,1,FALSE,FALSE,27.42,2564,4.26,,1,2
AEHR4573,8,0,1996,RAJ KUMAR,Haryana,JUNDLA,INC,INC,15470,M,2,2,1,FALSE,TRUE,19.99,3720,4.81,,1,2
AEHR4584,7,0,1991,NAFE SINGH,Haryana,JUNDLA,JP,,13947,M,2,2,1,FALSE,FALSE,23.16,4818,8,,1,2
AEHR4584,8,0,1996,NAFE SINGH,Haryana,JUNDLA,SAP,JP,26722,M,1,2,1,TRUE,FALSE,34.54,11252,14.54,,1,2
AEHR4607,7,0,1991,RAM KISHAN,Haryana,GHARAUNDA,IND,,69,M,21,2,0,FALSE,FALSE,0.1,12,0.02,,,2
AEHR4607,8,0,1996,RAM KISHAN,Haryana,GHARAUNDA,AIIC(T),IND,8367,M,4,2,0,FALSE,FALSE,10.01,1648,1.97,,,2
AEHR4617,7,0,1991,KRISHAN LAL,Haryana,ASSANDH,JP,,25144,M,1,2,2,FALSE,FALSE,41.81,8114,13.49,,2,2
AEHR4617,8,0,1996,KRISHAN LAL,Haryana,ASSANDH,SAP,JP,28333,M,1,2,2,TRUE,TRUE,37.9,2493,3.33,,2,2
AEHR4644,7,0,1991,OM PARKASH,Haryana,PANIPAT,IND,,24504,M,2,2,1,FALSE,FALSE,30.13,7610,9.36,,1,2
AEHR4644,8,0,1996,OM PARKASH,Haryana,PANIPAT,IND,IND,49123,M,1,2,1,FALSE,FALSE,42.38,17615,15.2,,1,2
AEHR4646,7,0,1991,NITI SAIN,Haryana,PANIPAT,BJP,,16894,M,3,2,0,FALSE,FALSE,20.77,12222,15.03,,,2
AEHR4646,8,0,1996,NETI SAIN,Haryana,PANIPAT,BJP,BJP,29321,M,3,2,0,FALSE,FALSE,25.3,27620,23.83,,,2
AEHR4662,7,0,1991,SATBIR SINGH KADYAN,Haryana,NAULTHA,JP,,24582,M,1,2,1,FALSE,FALSE,37.62,948,1.45,,1,2
AEHR4662,8,0,1996,SATBIR SINGH KADIAN,Haryana,NAULTHA,SAP,JP,23667,M,2,2,1,TRUE,TRUE,29.82,11554,14.56,,1,2
AEHR4718,7,0,1991,RAM PARKASH,Haryana,THANESAR,INC,,24471,M,1,2,1,FALSE,FALSE,33.65,6013,8.27,,1,2
AEHR4718,8,0,1996,RAM PARKASH,Haryana,THANESAR,AIIC(T),INC,11068,M,5,2,1,TRUE,TRUE,11.24,5820,5.91,,1,2
AEHR4731,6,0,1987,SAHAB SINGH SAINI,Haryana,THANESAR,INC,,12961,M,2,3,0,FALSE,FALSE,20.09,9037,14.01,,,3
AEHR4731,7,0,1991,SAHIB SINGH SAINI,Haryana,THANESAR,HVP,INC,15064,M,3,3,0,TRUE,FALSE,20.71,4587,6.31,,,3
AEHR4731,8,0,1996,SAHAB SINGH SAINI,Haryana,THANESAR,HVP,HVP,17640,M,3,3,0,FALSE,FALSE,17.91,5014,5.09,,,3
AEHR4753,7,0,1991,AMAR SINGH,Haryana,GUHLA,JP,,34990,M,1,2,1,FALSE,FALSE,46.5,3230,4.29,,1,2
AEHR4753,8,0,1996,AMAR SINGH,Haryana,GUHLA,SAP,JP,31599,M,2,2,1,TRUE,TRUE,32.85,5705,5.93,,1,2
AEHR4851,7,0,1991,KRISHAN MURTI,Haryana,KILOI,INC,,27265,M,1,2,1,FALSE,FALSE,45.01,3227,5.33,,1,2
AEHR4851,8,0,1996,KRISHAN MURTI,Haryana,KILOI,INC,INC,16846,M,3,2,1,FALSE,TRUE,24.39,15712,22.75,,1,2
AEHR4904,7,0,1991,ANAND SINGH,Haryana,MEHAM,INC,,43608,M,1,2,1,FALSE,FALSE,63.75,26349,38.52,,1,2
AEHR4904,8,0,1996,ANAND SINGH,Haryana,MEHAM,INC,INC,23953,M,2,2,1,FALSE,TRUE,31.89,3571,4.75,,1,2
AEHR4922,7,0,1991,SURAT SINGH,Haryana,KALANAUR,HVP,,7863,M,3,2,0,FALSE,FALSE,14.82,5347,10.08,,,2
AEHR4922,8,0,1996,SURAT SINGH,Haryana,KALANAUR,SAP,HVP,13937,M,3,2,0,TRUE,FALSE,23.71,6213,10.57,,,2
AEHR4934,7,0,1991,VIRENDER PAL,Haryana,BERI,JP,,19521,M,2,2,1,FALSE,FALSE,33.38,7489,12.8,,1,2
AEHR4934,8,0,1996,VIRENDER PAL,Haryana,BERI,SAP,JP,20522,M,1,2,1,TRUE,FALSE,30.2,4087,6.01,,1,2
AEHR4990,7,0,1991,JASWANT SINGH,Haryana,BADLI,BJP,,412,M,5,2,1,FALSE,FALSE,0.72,196,0.34,,1,2
AEHR4990,8,0,1996,JASWANT SINGH,Haryana,BAWAL,HVP,BJP,38973,M,1,2,1,TRUE,FALSE,47.61,14999,18.32,,1,2
AEHR5015,7,0,1991,RAMESH KUMAR,Haryana,BARODA,JP,,31133,M,1,2,2,FALSE,FALSE,53.27,10836,18.54,,2,2
AEHR5015,8,0,1996,RAMESH KUMAR,Haryana,BARODA,SAP,JP,28181,M,1,2,2,TRUE,TRUE,41.51,1984,2.92,,2,2
AEHR5049,7,0,1991,RAMESH CHANDER,Haryana,KAILANA,HVP,,11163,M,3,2,1,FALSE,FALSE,16.36,9249,13.56,,1,2
AEHR5049,8,0,1996,RAMESH CHANDER,Haryana,KAILANA,HVP,HVP,24390,M,1,2,1,FALSE,FALSE,30.47,1666,2.08,,1,2
AEHR5064,7,0,1991,OM PARKASH S/O HARI SINGH,Haryana,SONEPAT,IND,,5781,M,5,2,0,FALSE,FALSE,8.36,5345,7.73,,,2
AEHR5064,8,0,1996,OM PARKASH S/O HARI SINGH,Haryana,SONEPAT,SP,IND,10129,M,2,2,0,FALSE,FALSE,11.39,13,0.01,,,2
AEHR5077,7,0,1991,SURAJMAL,Haryana,RAI,IND,,177,M,8,2,1,FALSE,FALSE,0.27,19,0.03,,1,2
AEHR5077,8,0,1996,SURAJ MAL,Haryana,RAI,SAP,IND,23490,M,1,2,1,FALSE,FALSE,32.04,3978,5.43,,1,2
AEHR5174,7,0,1991,SATVINDER SINGH,Haryana,RAJOND,INC,,18245,M,2,2,1,FALSE,FALSE,32.39,8246,14.64,,1,2
AEHR5174,8,0,1996,SATVINDER SINGH,Haryana,RAJOND,AIIC(T),INC,18179,M,1,2,1,TRUE,FALSE,27.56,2924,4.43,,1,2
AEHR5241,7,0,1991,PARMENDER SINGH,Haryana,JULANA,INC,,13154,M,2,2,0,FALSE,FALSE,21.29,4964,8.03,,,2
AEHR5241,8,0,1996,PARMINDER SINGH,Haryana,JULANA,AIIC(T),INC,5211,M,3,2,0,TRUE,FALSE,7.13,2658,3.64,,,2
AEHR5256,7,0,1991,BACHAN SINGH,Haryana,SAFIDON,INC,,22030,M,1,2,1,FALSE,FALSE,32.1,2597,3.78,,1,2
AEHR5256,8,0,1996,BACHAN SINGH,Haryana,SAFIDON,INC,INC,16164,M,4,2,1,FALSE,TRUE,18.96,10832,12.71,,1,2
AEHR5293,7,0,1991,CHANDER BHATIA,Haryana,FARIDABAD,BJP,,23006,M,2,2,1,FALSE,FALSE,23.25,746,0.75,,1,2
AEHR5293,8,0,1996,CHANDER,Haryana,FARIDABAD,BJP,BJP,62925,M,1,2,1,FALSE,FALSE,49.35,34407,26.99,,1,2
AEHR5308,7,0,1991,MAHENDER PRATAP SINGH,Haryana,MEWLA MAHARAJPUR,INC,,51775,M,1,2,1,FALSE,FALSE,50.56,29434,28.74,,1,2
AEHR5308,8,0,1996,MAHENDER PRATAP SINGH,Haryana,MEWLA MAHARAJPUR,INC,INC,39883,M,2,2,1,FALSE,TRUE,28.26,27246,19.31,,1,2
AEHR5337,7,0,1991,ANAND KUMAR SHARMA,Haryana,BALLABGARH,BJP,,18632,M,2,2,1,FALSE,FALSE,23.15,4002,4.97,,1,2
AEHR5337,8,0,1996,ANAND KUMAR,Haryana,BALLABGARH,BJP,BJP,51721,M,1,2,1,FALSE,FALSE,53.54,32163,33.3,,1,2
AEHR5346,7,0,1991,KARAN SINGH DALAL,Haryana,PALWAL,HVP,,27882,M,1,2,2,FALSE,FALSE,38.74,9874,13.72,,2,2
AEHR5346,8,0,1996,KARAN SINGH DALAL,Haryana,PALWAL,HVP,HVP,40219,M,1,2,2,FALSE,TRUE,50.64,26387,33.22,,2,2
AEHR5372,5,0,1982,AZMAT KHAN,Haryana,HATHIN,JNP,,12828,M,1,4,2,FALSE,FALSE,24.81,173,0.33,,2,4
AEHR5372,6,0,1987,AZMAT KHAN,Haryana,HATHIN,IND,JNP,8527,M,4,4,2,FALSE,TRUE,13.59,3178,5.06,,2,4
AEHR5372,7,0,1991,AJMAT KHAN,Haryana,HATHIN,INC,IND,18250,M,1,4,2,FALSE,FALSE,28.35,2916,4.53,,2,4
AEHR5372,8,0,1996,AJMAT KHAN,Haryana,HATHIN,AIIC(T),INC,10131,M,2,4,2,TRUE,TRUE,14.65,62,0.09,,2,4
AEHR5395,7,0,1991,ISHAQ,Haryana,FEROZEPUR JHIRKA,JD,,19184,M,2,2,0,FALSE,FALSE,27.47,10639,15.24,,,2
AEHR5395,8,0,1996,ISHAQ,Haryana,FEROZEPUR JHIRKA,AIIC(T),JD,6751,M,4,2,0,TRUE,FALSE,8.49,2288,2.88,,,2
AEHR5410,5,0,1982,HAMMID HUSSAIN,Haryana,TAORU,IND,,12079,M,3,3,0,FALSE,FALSE,21.02,6046,10.52,,,3
AEHR5410,7,0,1991,HAMID HUSSAIN,Haryana,NUH,IND,IND,13031,M,2,3,0,FALSE,FALSE,21.48,969,1.6,,,3
AEHR5410,8,0,1996,HAMID HUSSAIN,Haryana,NUH,SAP,IND,12274,M,2,3,0,FALSE,FALSE,18.27,3973,5.91,,,3
AEHR542,2,0,1968,CHANDA SINGH,Haryana,NILOKHERI,IND,,15155,M,1,7,2,FALSE,FALSE,49.94,6538,21.55,,2,7
AEHR542,3,0,1972,CHANDA SINGH,Haryana,NILOKHERI,INC,IND,10428,M,2,7,2,FALSE,TRUE,27.09,3751,9.75,,2,7
AEHR542,4,0,1977,CHANDA SINGH,Haryana,NILOKHERI,IND,INC,4209,M,5,7,2,FALSE,FALSE,10.14,2877,6.93,,2,7
AEHR542,5,0,1982,CHANDA SINGH,Haryana,NILOKHERI,IND,IND,18874,M,1,7,2,FALSE,FALSE,37.11,3733,7.34,,2,7
AEHR542,6,0,1987,CHANDA SINGH,Haryana,NILOKHERI,INC,IND,7988,M,3,7,2,FALSE,TRUE,11.93,196,0.29,,2,7
AEHR542,7,0,1991,CHANDA SINGH,Haryana,NILOKHERI,IND,INC,6883,M,4,7,2,FALSE,FALSE,9.89,1827,2.62,,2,7
AEHR542,8,0,1996,CHANDA SINGH,Haryana,NILOKHERI,HVP,IND,8673,M,4,7,2,FALSE,FALSE,9.91,2527,2.89,,2,7
AEHR5423,7,0,1991,SURAJ PAL SINGH,Haryana,TAORU,BJP,,22613,M,2,2,1,FALSE,FALSE,30.93,13589,18.59,,1,2
AEHR5423,8,0,1996,SURAJ PAL,Haryana,TAORU,BJP,BJP,29995,M,1,2,1,FALSE,FALSE,35.06,11515,13.46,,1,2
AEHR5439,7,0,1991,ARIDAMAN SINGH,Haryana,SOHNA,JP,,16703,M,2,2,0,FALSE,FALSE,22.89,2619,3.59,,,2
AEHR5439,8,0,1996,ARIDAMAN,Haryana,SOHNA,SAP,JP,19227,M,3,2,0,TRUE,FALSE,22.15,10446,12.03,,,2
AEHR5458,7,0,1991,GOPI CHAND,Haryana,GURGAON,IND,,17879,M,2,2,0,FALSE,FALSE,21.32,6819,8.13,,,2
AEHR5458,8,0,1996,GOPI CHAND,Haryana,GURGAON,SAP,IND,26097,M,3,2,0,FALSE,FALSE,23.52,17940,16.17,,,2
AEHR546,2,0,1968,DES RAJ,Haryana,INDRI,IND,,8060,M,2,6,1,FALSE,FALSE,26.13,2647,8.58,,1,6
AEHR546,3,0,1972,DES RAJ,Haryana,INDRI,NCO,IND,20982,M,2,6,1,FALSE,FALSE,44.82,19137,40.88,,1,6
AEHR546,4,0,1977,DES RAJ,Haryana,INDRI,JNP,NCO,30386,M,1,6,1,TRUE,FALSE,67.52,16893,37.53,,1,6
AEHR546,5,0,1982,DES RAJ,Haryana,INDRI,INC,JNP,20359,M,2,6,1,TRUE,TRUE,38.88,17302,33.04,,1,6
AEHR546,6,0,1987,DES RAJ,Haryana,INDRI,INC,INC,18771,M,2,6,1,FALSE,FALSE,27.2,11863,17.19,,1,6
AEHR546,8,0,1996,DES RAJ,Haryana,INDRI,INC,INC,16698,M,2,6,1,FALSE,FALSE,17.25,1035,1.07,,1,6
AEHR5493,7,0,1991,ATTAR SINGH S/O LOK RAM,Haryana,BADHRA,HVP,,29250,M,1,3,2,FALSE,FALSE,47.62,15770,25.67,,2,2
AEHR5493,7,0,1991,ATTAR SINGH,Haryana,HANSI,IND,HVP,17768,M,2,3,2,FALSE,FALSE,26.35,6078,9.02,,2,2
AEHR5493,8,0,1996,ATTAR SINGH,Haryana,HANSI,HVP,IND,51767,M,1,3,2,FALSE,TRUE,60.55,28671,33.53,,2,2
AEHR5532,7,0,1991,CHHATTER SINGH CHAUHAN,Haryana,MUNDHAL KHURD,HVP,,26965,M,1,2,2,FALSE,FALSE,46.28,9959,17.09,,2,2
AEHR5532,8,0,1996,CHHATER SINGH CHAUHAN,Haryana,MUNDHAL KHURD,HVP,HVP,33788,M,1,2,2,FALSE,TRUE,47.5,14771,20.76,,2,2
AEHR5536,7,0,1991,JAGAT SINGH,Haryana,MUNDHAL KHURD,IND,,59,M,13,2,0,FALSE,FALSE,0.1,0,0,,,2
AEHR5536,8,0,1996,JAGAT SINGH,Haryana,MUNDHAL KHURD,SAP,IND,8772,M,3,2,0,FALSE,FALSE,12.33,5016,7.05,,,2
AEHR5568,7,0,1991,RAM BHAJAN,Haryana,BHIWANI,HVP,,29390,M,1,2,2,FALSE,FALSE,47.15,20918,33.56,,2,2
AEHR5568,8,0,1996,RAM BHAJAN,Haryana,BHIWANI,HVP,HVP,44584,M,1,2,2,FALSE,TRUE,59.2,24872,33.03,,2,2
AEHR5626,7,0,1991,DHARAMBIR,Haryana,TOSHAM,INC,,25507,M,2,2,0,FALSE,FALSE,36.72,23772,34.22,,,2
AEHR5626,8,0,1996,DHARAM BIR,Haryana,TOSHAM,INC,INC,34472,M,2,2,0,FALSE,FALSE,39.09,31787,36.04,,,2
AEHR5706,7,0,1991,RAGHBIR SINGH RANGA,Haryana,BAWANI KHERA,INC,,11730,M,3,2,0,FALSE,FALSE,19.54,6668,11.11,,,2
AEHR5706,8,0,1996,RAGHVIR SINGH RANGA,Haryana,BAWANI KHERA,SAP,INC,13838,M,2,2,0,TRUE,FALSE,17.84,3358,4.33,,,2
AEHR5707,7,0,1991,HARPHUL SINGH,Haryana,BAWANI KHERA,IND,,5062,M,4,2,0,FALSE,FALSE,8.43,3504,5.84,,,2
AEHR5707,8,0,1996,HARPHOOL SINGH,Haryana,BAWANI KHERA,AIIC(T),IND,418,M,9,2,0,FALSE,FALSE,0.54,151,0.19,,,2
AEHR5742,7,0,1991,VERENDER SINGH,Haryana,NARNAUND,JD,,20011,M,1,2,1,FALSE,FALSE,32.09,38,0.06,,1,2
AEHR5742,8,0,1996,VIRENDER SINGH S/O DIWAN SINGH,Haryana,NARNAUND,INC,JD,20666,M,2,2,1,TRUE,TRUE,26.98,5949,7.77,,1,2
AEHR5781,7,0,1991,RAM MEHAR,Haryana,HANSI,JP,,11690,M,3,2,0,FALSE,FALSE,17.34,2360,3.5,,,2
AEHR5781,8,0,1996,RAM MEHAR,Haryana,HANSI,SAP,JP,6934,M,3,2,0,TRUE,FALSE,8.11,5817,6.8,,,2
AEHR579,2,0,1968,INDER SINGH,Haryana,NAULTHA,VHP,,13264,M,2,5,2,FALSE,FALSE,44.38,12989,43.46,,2,5
AEHR579,4,0,1977,INDERJEET SINGH,Haryana,JATUSANA,VHP,VHP,19799,M,1,5,2,FALSE,FALSE,39.53,5299,10.58,,2,5
AEHR579,5,0,1982,INDERJEET SINGH,Haryana,JATUSANA,INC,VHP,28994,M,1,5,2,TRUE,TRUE,47.81,11082,18.27,,2,5
AEHR579,6,0,1987,INDERJEET SINGH,Haryana,JATUSANA,INC,INC,31367,M,2,5,2,FALSE,TRUE,41.52,30259,40.05,,2,5
AEHR579,8,0,1996,INDERJEET SINGH S/O BIRENDER SINGH,Haryana,JATUSANA,INC,INC,29304,M,2,5,2,FALSE,FALSE,31.7,12598,13.63,,2,5
AEHR5803,7,0,1991,MANI RAM GODARA,Haryana,BHATTU KALAN,HVP,,22330,M,2,2,1,FALSE,FALSE,32.59,5842,8.52,,1,2
AEHR5803,8,0,1996,MANI RAM GODARA,Haryana,BHATTU KALAN,HVP,HVP,41433,M,1,2,1,FALSE,FALSE,48.25,8078,9.41,,1,2
AEHR586,2,0,1968,ISHWAR SINGH,Haryana,PUNDRI,IND,,14211,M,1,6,4,FALSE,FALSE,45.43,438,1.4,,4,6
AEHR586,3,0,1972,ISHWAR SINGH,Haryana,PUNDRI,INC,IND,24074,M,1,6,4,FALSE,TRUE,54.54,7916,17.93,,4,6
AEHR586,5,0,1982,ISHWAR SINGH,Haryana,PUNDRI,INC,INC,22392,M,1,6,4,FALSE,FALSE,42.26,555,1.05,,4,6
AEHR586,6,0,1987,ISHWAR SINGH S/O SINGHRAM,Haryana,PUNDRI,INC,INC,21250,M,2,6,4,FALSE,TRUE,33.21,15091,23.59,,4,6
AEHR586,7,0,1991,ISHWAR S/O SIND RAM,Haryana,PUNDRI,INC,INC,22660,M,1,6,4,FALSE,FALSE,33.22,8184,12,,4,6
AEHR586,8,0,1996,ISHWAR SINGH,Haryana,PUNDRI,INC,INC,20311,M,2,6,4,FALSE,TRUE,23.94,3988,4.7,,4,6
AEHR5862,7,0,1991,CHHATARPAL SINGH,Haryana,GHIRAI,INC,,29927,M,1,2,1,FALSE,FALSE,43.97,2154,3.16,,1,2
AEHR5862,8,0,1996,CHHATAR PAL SINGH,Haryana,GHIRAI,IND,INC,21171,M,2,2,1,FALSE,TRUE,26.82,8620,10.92,,1,2
AEHR5894,7,0,1991,VINOD KUMAR,Haryana,TOHANA,IND,,19488,M,2,2,1,FALSE,FALSE,26.44,7528,10.21,,1,2
AEHR5894,8,0,1996,VINOD KUMAR,Haryana,TOHANA,SAP,IND,39957,M,1,2,1,FALSE,FALSE,41.71,10382,10.84,,1,2
AEHR5919,7,0,1991,GYAN CHAND,Haryana,RATIA,IND,,4028,M,5,2,0,FALSE,FALSE,6.31,253,0.4,,,2
AEHR5919,8,0,1996,GIAN CHAND,Haryana,RATIA,INC,IND,11255,M,4,2,0,FALSE,FALSE,13.99,8028,9.98,,,2
AEHR5965,7,0,1991,HARI SINGH,Haryana,ADAMPUR,JP,,16521,M,2,2,0,FALSE,FALSE,22.56,10899,14.88,,,2
AEHR5965,8,1,1998,Hari Singh,Haryana,ADAMPUR,HVP,JP,31302,M,2,2,0,TRUE,FALSE,34.13,25327,27.62,,,2
AEHR6098,7,0,1991,AJAY SINGH,Haryana,REWARI,INC,,33922,M,1,2,2,FALSE,FALSE,52.78,25824,40.18,,2,2
AEHR6098,8,0,1996,AJAY SINGH,Haryana,REWARI,INC,INC,22099,M,1,2,2,FALSE,TRUE,26.7,1767,2.13,,2,2
AEHR6108,7,0,1991,RAJINDER SINGH,Haryana,REWARI,HVP,,8098,M,2,2,0,FALSE,FALSE,12.6,635,0.99,,,2
AEHR6108,8,0,1996,RAJINDER SINGH,Haryana,ASSANDH,HVP,HVP,25840,M,2,2,0,FALSE,FALSE,34.57,16145,21.6,,,2
AEHR6122,7,0,1991,JAGDISH YADAV,Haryana,JATUSANA,HVP,,19380,M,2,2,1,FALSE,FALSE,27.26,9024,12.69,,1,2
AEHR6122,8,0,1996,JAGDISH YADAV,Haryana,JATUSANA,HVP,HVP,38185,M,1,2,1,FALSE,FALSE,41.31,8881,9.61,,1,2
AEHR6201,8,0,1996,SHAM LAL,Haryana,KALKA,BJP,,34300,M,2,1,0,FALSE,FALSE,25.58,586,0.44,,,1
AEHR6202,8,0,1996,PARDEEP KUMAR,Haryana,KALKA,SAP,,33714,M,3,1,0,FALSE,FALSE,25.14,28813,21.49,,,1
AEHR6209,8,0,1996,RAJ KUMAR,Haryana,NARAINGARH,HVP,,22309,M,1,1,1,FALSE,FALSE,27.23,8047,9.82,,1,1
AEHR6220,8,0,1996,MAN SINGH S/O PIRTHI CHAND,Haryana,NARAINGARH,BSP,,14262,M,2,1,0,FALSE,FALSE,17.41,247,0.3,,,1
AEHR6245,8,0,1996,DAYAL SINGH,Haryana,SADHAURA,BJP,,5874,M,5,1,0,FALSE,FALSE,6.38,3270,3.55,,,1
AEHR6257,8,0,1996,RAMESH CHAND,Haryana,CHHACHHRAULI,AIIC(T),,1148,M,6,1,0,FALSE,FALSE,1.29,859,0.97,,,1
AEHR6259,8,0,1996,AKRAM KHAN,Haryana,CHHACHHRAULI,IND,,22302,M,1,1,1,FALSE,FALSE,25.15,377,0.43,,1,1
AEHR6271,8,0,1996,VRISH BHAN,Haryana,CHHACHHRAULI,INC,,6401,M,5,1,0,FALSE,FALSE,7.22,5253,5.92,,,1
AEHR6295,8,0,1996,RAJESH SHARMA,Haryana,YAMUNANAGAR,INC,,13842,M,3,1,0,FALSE,FALSE,13.71,2481,2.46,,,1
AEHR6298,8,0,1996,RAJ KUMAR TYAGI,Haryana,YAMUNANAGAR,AIIC(T),,8301,M,5,1,0,FALSE,FALSE,8.22,1093,1.08,,,1
AEHR6299,8,0,1996,KAMLA DUTTA,Haryana,YAMUNANAGAR,SAP,,7208,F,6,1,0,FALSE,FALSE,7.14,6367,6.31,,,1
AEHR6303,8,0,1996,SUBHASH CHAND,Haryana,JAGADHRI,HVP,,26709,M,1,1,1,FALSE,FALSE,29.39,6635,7.3,,1,1
AEHR6313,8,0,1996,BISHAN LAL SAINI,Haryana,JAGADHRI,BSP,,20074,M,2,1,0,FALSE,FALSE,22.09,5640,6.21,,,1
AEHR6317,8,0,1996,DEVINDER,Haryana,JAGADHRI,AIIC(T),,2040,M,6,1,0,FALSE,FALSE,2.24,457,0.5,,,1
AEHR6321,8,0,1996,RISHAL SINGH,Haryana,MULLANA,SAP,,22592,M,1,1,1,FALSE,FALSE,26.46,1662,1.95,,1,1
AEHR6326,8,0,1996,MANGE RAM,Haryana,MULLANA,BJP,,19865,M,3,1,0,FALSE,FALSE,23.26,2174,2.55,,,1
AEHR6329,8,0,1996,SATPAL,Haryana,MULLANA,AIIC(T),,787,M,6,1,0,FALSE,FALSE,0.92,108,0.13,,,1
AEHR6333,8,0,1996,ANIL,Haryana,AMBALA CANTONMENT,IND,,22735,M,1,1,1,FALSE,FALSE,40.1,6090,10.74,,1,1
AEHR6344,8,0,1996,RAJ RANI,Haryana,AMBALA CANTONMENT,INC,,16645,F,2,1,0,FALSE,FALSE,29.36,4072,7.18,,,1
AEHR6345,8,0,1996,KABIR DEV,Haryana,AMBALA CANTONMENT,BJP,,12573,M,3,1,0,FALSE,FALSE,22.17,10873,19.18,,,1
AEHR6346,7,0,1991,SHIV KUMAR,Haryana,AMBALA CITY,IND,,1006,M,7,2,0,FALSE,FALSE,1.62,238,0.38,,,2
AEHR6346,8,0,1996,SHIV KUMAR,Haryana,AMBALA CANTONMENT,AIIC(T),IND,1700,M,4,2,0,FALSE,FALSE,3,286,0.5,,,2
AEHR6349,8,0,1996,KAMLESH RANI,Haryana,AMBALA CANTONMENT,SAP,,227,F,7,1,0,FALSE,FALSE,0.4,74,0.13,,,1
AEHR6360,8,0,1996,RAMESHWAR PARSHAD,Haryana,AMBALA CITY,SAP,,8511,M,3,1,0,FALSE,FALSE,11.37,2689,3.59,,,1
AEHR6378,8,0,1996,JASBIR SINGH MALLAUR,Haryana,NAGGAL,HVP,,15162,M,2,1,0,FALSE,FALSE,16.73,551,0.61,,,1
AEHR6385,8,0,1996,JAGIR SINGH,Haryana,NAGGAL,SAP,,14611,M,3,1,0,FALSE,FALSE,16.13,1870,2.06,,,1
AEHR6388,8,0,1996,KIRAN PAL,Haryana,NAGGAL,AIIC(T),,775,M,6,1,0,FALSE,FALSE,0.86,56,0.06,,,1
AEHR639,2,0,1968,RAM DHARI,Haryana,GOHANA,INC,,15970,M,1,7,2,FALSE,FALSE,43.56,768,2.09,,2,7
AEHR639,3,0,1972,RAM DHARI GAUR,Haryana,GOHANA,INC,INC,18206,M,1,7,2,FALSE,TRUE,41.01,4701,10.59,,2,7
AEHR639,4,0,1977,RAM DHARI,Haryana,GOHANA,JNP,INC,17337,M,2,7,2,TRUE,TRUE,35.76,9523,19.64,,2,7
AEHR639,5,0,1982,RAMDHARI GAUR,Haryana,GOHANA,INC,JNP,24940,M,2,7,2,TRUE,FALSE,39.52,20187,31.99,,2,7
AEHR639,6,0,1987,RAM DHARI,Haryana,GOHANA,IND,INC,10775,M,4,7,2,FALSE,FALSE,14.76,9445,12.94,,2,7
AEHR639,7,0,1991,RAM DHARI,Haryana,GOHANA,INC,IND,18349,M,2,7,2,FALSE,FALSE,25.98,3164,4.48,,2,7
AEHR639,8,0,1996,RAM DHARI,Haryana,GOHANA,INC,INC,17825,M,3,7,2,FALSE,FALSE,22.54,8159,10.32,,2,7
AEHR6416,8,0,1996,ANGREJ SINGH,Haryana,INDRI,SAP,,14109,M,4,1,0,FALSE,FALSE,14.58,1336,1.38,,,1
AEHR6417,8,0,1996,VED PAL,Haryana,INDRI,HVP,,12773,M,5,1,0,FALSE,FALSE,13.2,3779,3.91,,,1
AEHR6420,8,0,1996,JAI BHAGWAN,Haryana,INDRI,AIIC(T),,1332,M,8,1,0,FALSE,FALSE,1.38,934,0.97,,,1
AEHR6433,8,0,1996,BAKSHISH SINGH,Haryana,NILOKHERI,SAP,,21954,M,2,1,0,FALSE,FALSE,25.08,9073,10.36,,,1
AEHR6440,8,0,1996,ASHWANI,Haryana,NILOKHERI,AIIC(T),,629,M,9,1,0,FALSE,FALSE,0.72,201,0.23,,,1
AEHR6441,8,0,1996,SHASHIPAL MEHTA,Haryana,KARNAL,BJP,,35511,M,1,1,1,FALSE,FALSE,37.53,8418,8.9,,1,1
AEHR6463,8,0,1996,SURESH KUMAR,Haryana,KARNAL,AIIC(T),,15936,M,3,1,0,FALSE,FALSE,16.84,8892,9.4,,,1
AEHR6494,8,0,1996,MANPHOOL SINGH,Haryana,JUNDLA,HVP,,11750,M,3,1,0,FALSE,FALSE,15.19,5175,6.69,,,1
AEHR6499,8,0,1996,DHAN SINGH,Haryana,JUNDLA,AIIC(T),,1610,M,8,1,0,FALSE,FALSE,2.08,416,0.54,,,1
AEHR6501,8,0,1996,RAMESH S/O SULEKH CHAND,Haryana,GHARAUNDA,BJP,,20230,M,1,1,1,FALSE,FALSE,24.19,11,0.01,,1,1
AEHR6512,8,0,1996,RAMESH KUMAR RANA S/O JAGPAL SINGH,Haryana,GHARAUNDA,SAP,,20219,M,2,1,0,FALSE,FALSE,24.18,8246,9.86,,,1
AEHR6543,8,0,1996,JAI KUMAR,Haryana,ASSANDH,INC,,9695,M,3,1,0,FALSE,FALSE,12.97,6368,8.52,,,1
AEHR6547,8,0,1996,RAM DHARI,Haryana,ASSANDH,AIIC(T),,1283,M,7,1,0,FALSE,FALSE,1.72,593,0.79,,,1
AEHR6568,8,0,1996,NARAIN PARKASH,Haryana,PANIPAT,AIIC(T),,449,M,6,1,0,FALSE,FALSE,0.39,23,0.02,,,1
AEHR6572,8,0,1996,KARTAR SINGH BHADANA,Haryana,SAMBHALKA,HVP,,20103,M,1,1,1,FALSE,FALSE,23.04,2380,2.73,,1,1
AEHR6573,8,0,1996,SHYAM LAL JANGRA S/O JAI NAND,Haryana,SAMBHALKA,AIIC(T),,1512,M,10,1,0,FALSE,FALSE,1.73,480,0.55,,,1
AEHR6593,8,0,1996,BIJENDER,Haryana,NAULTHA,HVP,,24790,M,1,1,1,FALSE,FALSE,31.24,1123,1.42,,1,1
AEHR6608,8,0,1996,NAFE SINGH,Haryana,NAULTHA,AIIC(T),,1212,M,7,1,0,FALSE,FALSE,1.53,378,0.48,,,1
AEHR6611,8,0,1996,KAPOOR CHAND,Haryana,SHAHABAD,BJP,,27307,M,1,1,1,FALSE,FALSE,32.29,7643,9.04,,1,1
AEHR6622,8,0,1996,MOHINDER SINGH,Haryana,SHAHABAD,SAP,,19664,M,2,1,0,FALSE,FALSE,23.26,4986,5.9,,,1
AEHR6626,8,0,1996,RAM SINGH,Haryana,SHAHABAD,AIIC(T),,4125,M,5,1,0,FALSE,FALSE,4.88,407,0.48,,,1
AEHR6633,8,0,1996,RAM NIWAS,Haryana,RADAUR,AIIC(T),,555,M,11,1,0,FALSE,FALSE,0.66,39,0.05,,,1
AEHR6664,8,0,1996,RAMESH KUMAR,Haryana,THANESAR,IND,,20200,M,2,1,0,FALSE,FALSE,20.51,2560,2.6,,,1
AEHR6667,8,0,1996,PAWAN GARG,Haryana,THANESAR,INC,,12626,M,4,1,0,FALSE,FALSE,12.82,1558,1.58,,,1
AEHR6673,7,0,1991,JASWINDER SINGH,Haryana,PEHOWA,JP,,23236,M,1,2,2,FALSE,FALSE,30.63,5892,7.77,,2,2
AEHR6673,8,0,1996,JASVINDER SINGH SANDHU,Haryana,PEHOWA,SAP,JP,35482,M,1,2,2,TRUE,TRUE,39.1,13595,14.98,,2,2
AEHR6701,8,0,1996,JASMER SINGH SHEOKAND,Haryana,PEHOWA,HVP,,11657,M,4,1,0,FALSE,FALSE,12.85,9431,10.39,,,1
AEHR6704,8,0,1996,GIAN SINGH S/O JOGINDER SINGH,Haryana,PEHOWA,AIIC(T),,998,M,7,1,0,FALSE,FALSE,1.1,234,0.26,,,1
AEHR6719,8,0,1996,TEJ PAL,Haryana,GUHLA,AIIC(T),,515,M,6,1,0,FALSE,FALSE,0.54,48,0.05,,,1
AEHR6734,8,0,1996,ROSHAN LAL TIWARI,Haryana,KAITHAL,HVP,,23145,M,2,1,0,FALSE,FALSE,28.44,7815,9.6,,,1
AEHR6741,8,0,1996,RAJINDER KUMAR,Haryana,KAITHAL,INC,,9235,M,4,1,0,FALSE,FALSE,11.35,5700,7,,,1
AEHR6747,8,0,1996,NARENDRA SHARMA,Haryana,PUNDRI,IND,,21542,M,1,1,1,FALSE,FALSE,25.39,1231,1.45,,1,1
AEHR6773,8,0,1996,KRISHAN KUMAR WALIA,Haryana,PUNDRI,HVP,,15226,M,4,1,0,FALSE,FALSE,17.94,7907,9.32,,,1
AEHR6794,8,0,1996,GURCHARAN SINGH,Haryana,PAI,AIIC(T),,4211,M,5,1,0,FALSE,FALSE,5.48,3886,5.06,,,1
AEHR680,2,0,1968,KARTAR DEVI,Haryana,KALANAUR,IND,,4850,F,3,6,3,FALSE,FALSE,16.47,2185,7.42,,3,6
AEHR680,4,0,1977,KARTAR DEVI,Haryana,KALANAUR,INC,IND,7079,F,2,6,3,FALSE,FALSE,21.29,5654,17,,3,6
AEHR680,5,0,1982,KARTAR DEVI,Haryana,KALANAUR,INC,INC,25060,F,1,6,3,FALSE,FALSE,58.73,9529,22.33,,3,6
AEHR680,6,0,1987,KARTAR DEVI,Haryana,KALANAUR,INC,INC,17211,F,2,6,3,FALSE,TRUE,33.35,16744,32.44,,3,6
AEHR680,7,0,1991,KARTAR DEVI,Haryana,KALANAUR,INC,INC,26194,F,1,6,3,FALSE,FALSE,49.36,10335,19.48,,3,6
AEHR680,8,0,1996,KARTAR DEVI,Haryana,KALANAUR,INC,INC,16733,F,1,6,3,FALSE,TRUE,28.47,915,1.56,,3,6
AEHR6807,8,0,1996,RAMBHAJ,Haryana,HASSANGARH,INC,,8129,M,4,1,0,FALSE,FALSE,13.81,6032,10.25,,,1
AEHR6824,8,0,1996,RAM PHOOL,Haryana,KILOI,HVP,,19719,M,2,1,0,FALSE,FALSE,28.55,2873,4.16,,,1
AEHR6849,8,0,1996,SUBHASH BATRA,Haryana,ROHTAK,INC,,24045,M,2,1,0,FALSE,FALSE,27.42,22142,25.25,,,1
AEHR6867,8,0,1996,SATYA NARAIN DHANVANTRI,Haryana,ROHTAK,SAP,,1716,M,4,1,0,FALSE,FALSE,1.96,1082,1.23,,,1
AEHR6928,2,0,1968,RAGHUBIR SINGH,Haryana,BERI,SWA,,4133,M,3,4,1,FALSE,FALSE,11.26,3621,9.87,,1,4
AEHR6928,6,0,1987,RAGHUVIR SINGH,Haryana,BERI,LKD,SWA,24860,M,1,4,1,TRUE,FALSE,45.67,10826,19.89,,1,4
AEHR6928,7,0,1991,RAGHUBIR SINGH,Haryana,BERI,JD,LKD,12032,M,3,4,1,TRUE,TRUE,20.57,11288,19.3,,1,4
AEHR6928,8,0,1996,RAGHBIR SINGH,Haryana,BERI,INC,JD,16435,M,2,4,1,TRUE,FALSE,24.19,374,0.55,,1,4
AEHR6935,8,0,1996,OM PRAKASH BERI,Haryana,BERI,HVP,,16061,M,3,1,0,FALSE,FALSE,23.64,9385,13.81,,,1
AEHR6940,8,0,1996,PREM SINGH,Haryana,BERI,AIIC(T),,497,M,8,1,0,FALSE,FALSE,0.73,76,0.11,,,1
AEHR6942,8,0,1996,DHARMAVIR,Haryana,SALHAWAS,HVP,,27840,M,1,1,1,FALSE,FALSE,41.54,16323,24.35,,1,1
AEHR6953,8,0,1996,SURAJ BHAN S/O CHANDRAM,Haryana,SALHAWAS,INC,,11517,M,2,1,0,FALSE,FALSE,17.18,3341,4.98,,,1
AEHR6966,8,0,1996,RAJPAL,Haryana,SALHAWAS,SAP,,6838,M,4,1,0,FALSE,FALSE,10.2,1607,2.4,,,1
AEHR6972,8,0,1996,RAM PARKASH DAHIYA,Haryana,JHAJJAR,HVP,,22266,M,1,1,1,FALSE,FALSE,32.75,6609,9.72,,1,1
AEHR6982,8,0,1996,KIRPA RAM,Haryana,JHAJJAR,JHM,,15657,M,2,1,0,FALSE,FALSE,23.03,330,0.49,,,1
AEHR6984,8,0,1996,RAMESH KUMAR,Haryana,JHAJJAR,INC,,12356,M,4,1,0,FALSE,FALSE,18.18,11837,17.41,,,1
AEHR7004,8,0,1996,ISHWAR SINGH,Haryana,BADLI,INC,,13450,M,3,1,0,FALSE,FALSE,20.21,9141,13.73,,,1
AEHR7006,8,0,1996,SOMVIR,Haryana,BADLI,AIIC(T),,3666,M,5,1,0,FALSE,FALSE,5.51,1040,1.56,,,1
AEHR7011,8,0,1996,NAFE SINGH S/O UMRAO SINGH,Haryana,BAHADURGARH,SAP,,27555,M,1,1,1,FALSE,FALSE,33.78,898,1.1,,1,1
AEHR7012,8,0,1996,PANNA LAL,Haryana,BAHADURGARH,AIIC(T),,208,M,10,1,0,FALSE,FALSE,0.25,42,0.05,,,1
AEHR7022,8,0,1996,RAJ PAL,Haryana,BAHADURGARH,HVP,,26657,M,2,1,0,FALSE,FALSE,32.68,12957,15.88,,,1
AEHR7034,8,0,1996,CHANDER BHAN,Haryana,BARODA,HVP,,26197,M,2,1,0,FALSE,FALSE,38.59,21729,32.01,,,1
AEHR7064,8,0,1996,SIRI RAM,Haryana,GOHANA,AIIC(T),,397,M,8,1,0,FALSE,FALSE,0.5,99,0.13,,,1
AEHR7066,8,0,1996,JAGBIR SINGH,Haryana,GOHANA,HVP,,22837,M,1,1,1,FALSE,FALSE,28.88,872,1.1,,1,1
AEHR7076,8,0,1996,MADAN SINGH,Haryana,KAILANA,AIIC(T),,296,M,12,1,0,FALSE,FALSE,0.37,94,0.12,,,1
AEHR7109,8,0,1996,DEV RAJ DEWAN,Haryana,SONEPAT,IND,,47269,M,1,1,1,FALSE,FALSE,53.15,37140,41.76,,1,1
AEHR7131,8,0,1996,PREM S/O KHERA,Haryana,SONEPAT,SAP,,7365,M,4,1,0,FALSE,FALSE,8.28,1605,1.8,,,1
AEHR7136,8,0,1996,OM PARKASH S/O MANOHAR LAL,Haryana,SONEPAT,AIIC(T),,477,M,9,1,0,FALSE,FALSE,0.54,60,0.07,,,1
AEHR7153,8,0,1996,SHAM LAL,Haryana,RAI,AIIC(T),,6654,M,4,1,0,FALSE,FALSE,9.08,1730,2.36,,,1
AEHR7155,8,0,1996,MOHANDER,Haryana,RAI,HVP,,19512,M,2,1,0,FALSE,FALSE,26.61,12180,16.61,,,1
AEHR7165,8,0,1996,PADAM SINGH,Haryana,ROHAT,SAP,,21676,M,2,1,0,FALSE,FALSE,31.28,10867,15.68,,,1
AEHR7175,8,0,1996,RAMPAL DAHIYA,Haryana,ROHAT,INC,,5878,M,4,1,0,FALSE,FALSE,8.48,2198,3.17,,,1
AEHR7177,8,0,1996,SATBIR,Haryana,ROHAT,AIIC(T),,792,M,6,1,0,FALSE,FALSE,1.14,475,0.69,,,1
AEHR7181,8,0,1996,KRISHANA GAHLAWAT,Haryana,ROHAT,HVP,,23799,F,1,1,1,FALSE,FALSE,34.34,2123,3.06,,1,1
AEHR7183,8,0,1996,RAM BHAJ,Haryana,KALAYAT,HVP,,23351,M,1,1,1,FALSE,FALSE,36.41,5118,7.98,,1,1
AEHR7189,8,0,1996,DINA RAM,Haryana,KALAYAT,SAP,,18233,M,2,1,0,FALSE,FALSE,28.43,9652,15.05,,,1
AEHR723,2,0,1968,KHURSHED AHMAD,Haryana,NUH,INC,,14675,M,1,3,3,FALSE,FALSE,53.46,5937,21.63,,3,3
AEHR723,6,0,1987,KHURSHID AHMAD,Haryana,NUH,LKD,INC,43743,M,1,3,3,TRUE,FALSE,69.1,27970,44.18,,3,3
AEHR723,8,0,1996,KHURSHID AHMAD S/O KABIR AHMAD,Haryana,NUH,AIIC(T),LKD,20401,M,1,3,3,TRUE,FALSE,30.36,8127,12.09,,3,3
AEHR7241,8,0,1996,BHAG SINGH,Haryana,UCHANA KALAN,SAP,,17843,M,2,1,0,FALSE,FALSE,23.11,49,0.06,,,1
AEHR7267,8,0,1996,RAM KUMAR,Haryana,RAJOND,SAP,,15255,M,2,1,0,FALSE,FALSE,23.13,2087,3.16,,,1
AEHR7278,8,0,1996,OM PARKASH,Haryana,RAJOND,BJP,,13168,M,3,1,0,FALSE,FALSE,19.96,6255,9.48,,,1
AEHR7305,8,0,1996,SHANKER DASS,Haryana,JIND,SAP,,15959,M,3,1,0,FALSE,FALSE,17.4,12071,13.16,,,1
AEHR7329,8,0,1996,SATYA NARAIN LATHAR,Haryana,JULANA,HVP,,34195,M,1,1,1,FALSE,FALSE,46.77,11770,16.1,,1,1
AEHR7340,8,0,1996,SURAJ BHAN S/O HARNARAIN,Haryana,JULANA,SAP,,22425,M,2,1,0,FALSE,FALSE,30.67,17214,23.54,,,1
AEHR7370,8,0,1996,RANBIR SINGH,Haryana,SAFIDON,HVP,,17301,M,2,1,0,FALSE,FALSE,20.3,1016,1.19,,,1
AEHR7418,8,0,1996,GOBIND RAM,Haryana,FARIDABAD,SAP,,10419,M,3,1,0,FALSE,FALSE,8.17,1554,1.22,,,1
AEHR7440,8,0,1996,RADHA W/O AMAR NATH,Haryana,FARIDABAD,AIIC(T),,1320,F,7,1,0,FALSE,FALSE,1.04,321,0.25,,,1
AEHR7443,8,0,1996,KRISHAN PAL,Haryana,MEWLA MAHARAJPUR,BJP,,66300,M,1,1,1,FALSE,FALSE,46.98,26417,18.72,,1,1
AEHR7485,8,0,1996,VINAY GUPTA,Haryana,MEWLA MAHARAJPUR,SAP,,2931,M,5,1,0,FALSE,FALSE,2.08,1076,0.76,,,1
AEHR7523,8,0,1996,MOOL CHAND,Haryana,BALLABGARH,SAP,,7445,M,4,1,0,FALSE,FALSE,7.71,5696,5.9,,,1
AEHR7528,8,0,1996,DHARMBIR,Haryana,BALLABGARH,AIIC(T),,1028,M,6,1,0,FALSE,FALSE,1.06,384,0.4,,,1
AEHR7543,8,0,1996,SUBHASH CHAUDHARY,Haryana,PALWAL,BSP,,13832,M,2,1,0,FALSE,FALSE,17.42,4024,5.07,,,1
AEHR7547,8,0,1996,DEVENDER SINGH CHAUHAN,Haryana,PALWAL,SAP,,7203,M,4,1,0,FALSE,FALSE,9.07,1852,2.33,,,1
AEHR7552,8,0,1996,BHARAT RAM,Haryana,PALWAL,AIIC(T),,270,M,9,1,0,FALSE,FALSE,0.34,8,0.01,,,1
AEHR7553,8,0,1996,JAGDISH NAYAR,Haryana,HASSANPUR,HVP,,28318,M,1,1,1,FALSE,FALSE,40.97,5570,8.06,,1,1
AEHR7567,8,0,1996,LAKHMI CHAND,Haryana,HASSANPUR,SAP,,6611,M,3,1,0,FALSE,FALSE,9.56,1951,2.82,,,1
AEHR759,2,0,1968,NIHAL SINGH,Haryana,ATELI,INC,,15937,M,2,4,1,FALSE,FALSE,39.78,15482,38.64,,1,4
AEHR759,5,0,1982,NIHAL SINGH,Haryana,ATELI,IND,INC,27298,M,1,4,1,FALSE,FALSE,47.16,193,0.33,,1,4
AEHR759,7,0,1991,NIHAL SINGH,Haryana,ATELI,HVP,IND,14240,M,3,4,1,FALSE,FALSE,21.8,9791,14.99,,1,4
AEHR759,8,0,1996,NIHAL SINGH,Haryana,ATELI,SAP,HVP,7534,M,5,4,1,TRUE,FALSE,8.91,4206,4.97,,1,4
AEHR7595,8,0,1996,MAHENDRA,Haryana,HATHIN,SAP,,9268,M,4,1,0,FALSE,FALSE,13.4,1803,2.61,,,1
AEHR7598,8,0,1996,DAYA CHAUDHARY,Haryana,HATHIN,INC,,3855,F,7,1,0,FALSE,FALSE,5.58,830,1.2,,,1
AEHR7601,8,0,1996,AZAD,Haryana,FEROZEPUR JHIRKA,SAP,,24056,M,1,1,1,FALSE,FALSE,30.27,2642,3.32,,1,1
AEHR7682,8,0,1996,HABIBUR REHMAN,Haryana,NUH,HVP,,6602,M,5,1,0,FALSE,FALSE,9.83,2309,3.44,,,1
AEHR7683,8,0,1996,DIN MOHD.,Haryana,NUH,INC,,4293,M,6,1,0,FALSE,FALSE,6.39,2559,3.81,,,1
AEHR7709,8,0,1996,AFTAB AHMAD,Haryana,TAORU,AIIC(T),,16844,M,3,1,0,FALSE,FALSE,19.69,9790,11.44,,,1
AEHR7720,8,0,1996,MOHD. YAKUB KHAN,Haryana,TAORU,SAP,,1602,M,8,1,0,FALSE,FALSE,1.87,1342,1.57,,,1
AEHR7722,8,0,1996,NARBIR SINGH,Haryana,SOHNA,HVP,,30411,M,1,1,1,FALSE,FALSE,35.04,9805,11.3,,1,1
AEHR7748,8,0,1996,SURAJ MAL,Haryana,SOHNA,AIIC(T),,3696,M,5,1,0,FALSE,FALSE,4.26,2545,2.93,,,1
AEHR7785,8,0,1996,KHAZAN SINGH,Haryana,GURGAON,AIIC(T),,4286,M,5,1,0,FALSE,FALSE,3.86,370,0.33,,,1
AEHR7801,8,0,1996,RAM VEER SINGH,Haryana,PATAUDI,SAP,,16409,M,2,1,0,FALSE,FALSE,22.26,4715,6.4,,,1
AEHR7805,8,0,1996,BHUPENDER SINGH,Haryana,PATAUDI,AIIC(T),,2219,M,6,1,0,FALSE,FALSE,3.01,737,1,,,1
AEHR7809,8,0,1996,NRIPENDER,Haryana,BADHRA,HVP,,42142,M,1,1,1,FALSE,FALSE,52.98,27427,34.48,,1,1
AEHR7820,8,0,1996,RAVINDER,Haryana,BADHRA,SAP,,14715,M,2,1,0,FALSE,FALSE,18.5,140,0.18,,,1
AEHR7828,8,0,1996,DHARAMPAL S/O LALURAM,Haryana,BADHRA,INC,,3929,M,4,1,0,FALSE,FALSE,4.94,2494,3.14,,,1
AEHR7834,8,0,1996,SATPAL SANGWAN,Haryana,DADRI,HVP,,33690,M,1,1,1,FALSE,FALSE,44.81,11421,15.19,,1,1
AEHR7856,3,0,1972,SHAKUNTLA DEVI,Haryana,SALHAWAS,VHP,,16889,F,2,2,0,FALSE,FALSE,37.63,11347,25.28,,,2
AEHR7856,8,0,1996,SHAKUNTLA DEVI,Haryana,DADRI,SAP,VHP,9968,F,3,2,0,TRUE,FALSE,13.26,5962,7.93,,,2
AEHR7887,8,0,1996,SHASHI RANJAN,Haryana,MUNDHAL KHURD,INC,,19017,M,2,1,0,FALSE,FALSE,26.73,10245,14.4,,,1
AEHR7913,8,0,1996,BIRAJ DEVI,Haryana,MUNDHAL KHURD,AIIC(T),,2079,F,5,1,0,FALSE,FALSE,2.92,865,1.22,,,1
AEHR792,2,0,1968,BANSI LAL,Haryana,TOSHAM,INC,,9109,M,1,5,4,FALSE,FALSE,29.94,1249,4.11,,4,5
AEHR792,3,0,1972,BANSI LAL,Haryana,TOSHAM,INC,INC,30934,M,1,5,4,FALSE,TRUE,71.17,20494,47.15,,4,5
AEHR792,6,0,1987,BANSI LAL,Haryana,TOSHAM,INC,INC,30361,M,2,5,4,FALSE,FALSE,46.18,29589,45.01,,4,5
AEHR792,7,0,1991,BANSI LAL,Haryana,TOSHAM,HVP,INC,38272,M,1,5,4,TRUE,FALSE,55.1,12765,18.38,,4,5
AEHR792,8,0,1996,BANSI LAL,Haryana,TOSHAM,HVP,HVP,47274,M,1,5,4,FALSE,TRUE,53.6,12802,14.52,,4,5
AEHR7940,8,0,1996,SHIV SHANKAR,Haryana,BHIWANI,AIIC(T),,6488,M,3,1,0,FALSE,FALSE,8.62,5460,7.25,,,1
AEHR7948,8,0,1996,RAM SINGH,Haryana,BHIWANI,SAP,,1028,M,4,1,0,FALSE,FALSE,1.37,84,0.11,,,1
AEHR7976,8,0,1996,JOGINDER,Haryana,TOSHAM,SAP,,2685,M,3,1,0,FALSE,FALSE,3.04,2038,2.31,,,1
AEHR7994,8,0,1996,SOMVIR SINGH,Haryana,LOHARU,HVP,,47559,M,1,1,1,FALSE,FALSE,57.86,36433,44.33,,1,1
AEHR8061,8,0,1996,ANANT RAM,Haryana,BARWALA,HVP,,19257,M,2,1,0,FALSE,FALSE,22.37,2392,2.78,,,1
AEHR8081,8,0,1996,JAI NARAYAN,Haryana,BARWALA,INC,,7271,M,5,1,0,FALSE,FALSE,8.45,6572,7.63,,,1
AEHR8084,8,0,1996,UDAYBIR,Haryana,BARWALA,AIIC(T),,433,M,8,1,0,FALSE,FALSE,0.5,78,0.09,,,1
AEHR8108,8,0,1996,RAM DASS,Haryana,NARNAUND,SAP,,14717,M,3,1,0,FALSE,FALSE,19.21,11409,14.89,,,1
AEHR8123,8,0,1996,JAIBIR SINGH,Haryana,NARNAUND,AIIC(T),,428,M,9,1,0,FALSE,FALSE,0.56,138,0.18,,,1
AEHR820,2,0,1968,AJIT SINGH,Haryana,HANSI,VHP,,9363,M,2,4,0,FALSE,FALSE,31.84,4236,14.41,,,4
AEHR820,3,0,1972,AJIT SINGH,Haryana,HANSI,VHP,VHP,8069,M,3,4,0,FALSE,FALSE,19.99,5097,12.63,,,4
AEHR820,4,0,1977,AJEET SINGH,Haryana,HANSI,VHP,VHP,2854,M,4,4,0,FALSE,FALSE,6.13,1028,2.21,,,4
AEHR820,8,0,1996,AJIT SINGH,Haryana,HANSI,AIIC(T),VHP,1117,M,4,4,0,TRUE,FALSE,1.31,409,0.48,,,4
AEHR8210,8,0,1996,KAMAL,Haryana,HISSAR,BJP,,19974,M,3,1,0,FALSE,FALSE,21.77,15656,17.06,,,1
AEHR8221,8,0,1996,RAHUL DEV,Haryana,HISSAR,SAP,,4318,M,4,1,0,FALSE,FALSE,4.71,1759,1.92,,,1
AEHR8257,8,0,1996,PURAN SINGH,Haryana,GHIRAI,SAP,,12551,M,3,1,0,FALSE,FALSE,15.9,2913,3.69,,,1
AEHR8268,8,0,1996,SURESH KUMAR S/O JAGAN NATH,Haryana,GHIRAI,INC,,9638,M,4,1,0,FALSE,FALSE,12.21,5441,6.89,,,1
AEHR8279,8,0,1996,HARPAL,Haryana,GHIRAI,AIIC(T),,1401,M,7,1,0,FALSE,FALSE,1.77,113,0.14,,,1
AEHR828,2,0,1968,BHAJAN LAL,Haryana,ADAMPUR,INC,,23723,M,1,5,5,FALSE,FALSE,59.26,10044,25.09,,5,5
AEHR828,3,0,1972,BHAJAN LAL,Haryana,ADAMPUR,INC,INC,28928,M,1,5,5,FALSE,TRUE,60.54,10961,22.94,,5,5
AEHR828,4,0,1977,BHAJAN LAL,Haryana,ADAMPUR,JNP,INC,33193,M,1,5,5,TRUE,TRUE,67.89,20803,42.55,,5,5
AEHR828,5,0,1982,BHAJAN LAL,Haryana,ADAMPUR,INC,JNP,42227,M,1,5,5,TRUE,TRUE,68.06,24712,39.83,,5,5
AEHR828,8,0,1996,BHAJAN LAL,Haryana,ADAMPUR,INC,INC,54140,M,1,5,5,FALSE,FALSE,57.15,20007,21.12,,5,5
AEHR8302,8,0,1996,S. RAGHVIR SINGH,Haryana,TOHANA,HVP,,16392,M,3,1,0,FALSE,FALSE,17.11,14053,14.67,,,1
AEHR8309,8,0,1996,RAM SARUP RAMA,Haryana,RATIA,HVP,,28044,M,1,1,1,FALSE,FALSE,34.86,10717,13.32,,1,1
AEHR834,2,0,1968,OM PARKASH,Haryana,HISSAR,BJS,,2673,M,3,6,2,FALSE,FALSE,7.12,1958,5.22,,2,6
AEHR834,4,0,1977,OM PARKASH,Haryana,HISSAR,IND,BJS,15065,M,2,6,2,FALSE,FALSE,38.97,14205,36.74,,2,6
AEHR834,5,0,1982,OM PARKASH MAHAJAN,Haryana,HISSAR,IND,IND,17890,M,1,6,2,FALSE,FALSE,33.13,3570,6.61,,2,6
AEHR834,6,0,1987,OM PARKASH MAHAJAN,Haryana,HISSAR,INC,IND,24335,M,2,6,2,FALSE,TRUE,32.29,1713,2.27,,2,6
AEHR834,7,0,1991,OM PARKASH MAHAJAN,Haryana,HISSAR,INC,INC,33792,M,2,6,2,FALSE,FALSE,42.57,30837,38.85,,2,6
AEHR834,8,0,1996,OM PARKASH MAHAJAN,Haryana,HISSAR,IND,INC,30451,M,1,6,2,FALSE,FALSE,33.19,3805,4.15,,2,6
AEHR8362,8,0,1996,SHARAD KUMAR,Haryana,FATEHABAD,SAP,,15572,M,3,1,0,FALSE,FALSE,16.65,6806,7.28,,,1
AEHR8399,8,0,1996,GURMESH,Haryana,ADAMPUR,SAP,,3581,M,3,1,0,FALSE,FALSE,3.78,3012,3.18,,,1
AEHR8407,8,0,1996,VIDYA DEVI,Haryana,DARBA KALAN,SAP,,36944,F,1,1,1,FALSE,FALSE,38.51,194,0.2,,1,1
AEHR8417,8,0,1996,PRAHLAD SINGH,Haryana,DARBA KALAN,HVP,,36750,M,2,1,0,FALSE,FALSE,38.31,17148,17.87,,,1
AEHR8421,8,0,1996,RAM BHAGAT,Haryana,DARBA KALAN,AIIC(T),,253,M,6,1,0,FALSE,FALSE,0.26,23,0.02,,,1
AEHR8436,8,0,1996,KARNAIL SINGH,Haryana,ELLENABAD,HVP,,29909,M,2,1,0,FALSE,FALSE,32.94,12838,14.14,,,1
AEHR846,2,0,1968,LEELA KRISHAN,Haryana,FATEHABAD,IND,,17963,M,2,5,1,FALSE,FALSE,42.78,0,0,,1,5
AEHR846,4,0,1977,LILA KRISHAN,Haryana,FATEHABAD,IND,IND,13726,M,2,5,1,FALSE,FALSE,28.31,2989,6.16,,1,5
AEHR846,6,0,1987,LILA KRISHAN CHAUDHARY,Haryana,FATEHABAD,INC,IND,9679,M,3,5,1,FALSE,FALSE,13.03,7184,9.67,,1,5
AEHR846,7,0,1991,LILA KRISHAN,Haryana,FATEHABAD,INC,INC,24883,M,1,5,1,FALSE,FALSE,32.28,5208,6.76,,1,5
AEHR846,8,0,1996,LILA KRISHAN,Haryana,FATEHABAD,INC,INC,18078,M,2,5,1,FALSE,TRUE,19.33,2506,2.68,,1,5
AEHR8468,8,0,1996,GOPI CHAND,Haryana,SIRSA,SAP,,22848,M,3,1,0,FALSE,FALSE,23.02,20803,20.96,,,1
AEHR8515,8,0,1996,GURMAIL SINGH,Haryana,RORI,AIIC(T),,476,M,7,1,0,FALSE,FALSE,0.51,41,0.04,,,1
AEHR8529,8,0,1996,JAGSIR SINGH,Haryana,DABWALI,HVP,,20697,M,2,1,0,FALSE,FALSE,25.18,2318,2.82,,,1
AEHR8534,8,0,1996,LABH SINGH,Haryana,DABWALI,INC,,18379,M,3,1,0,FALSE,FALSE,22.36,10993,13.37,,,1
AEHR8536,8,0,1996,PIARA SINGH,Haryana,DABWALI,AIIC(T),,1115,M,5,1,0,FALSE,FALSE,1.36,443,0.54,,,1
AEHR8548,8,0,1996,VED PARKASH BAWALIA,Haryana,BAWAL,SAP,,6424,M,3,1,0,FALSE,FALSE,7.85,631,0.77,,,1
AEHR8551,8,0,1996,DINESH SINGH,Haryana,BAWAL,AIIC(T),,659,M,6,1,0,FALSE,FALSE,0.81,104,0.13,,,1
AEHR8566,8,0,1996,RANDHIR SINGH KAPRIWAS,Haryana,REWARI,IND,,20332,M,2,1,0,FALSE,FALSE,24.56,1766,2.13,,,1
AEHR8572,8,0,1996,SHARDA,Haryana,REWARI,BJP,,18566,F,3,1,0,FALSE,FALSE,22.43,11204,13.53,,,1
AEHR8575,8,0,1996,SUNIL RAO,Haryana,REWARI,SAP,,2705,M,6,1,0,FALSE,FALSE,3.27,701,0.85,,,1
AEHR8577,8,0,1996,K.R. KHURANA,Haryana,REWARI,AIIC(T),,1262,M,8,1,0,FALSE,FALSE,1.52,790,0.95,,,1
AEHR8595,8,0,1996,RAJINDER SINGH LODHA,Haryana,JATUSANA,SAP,,16706,M,3,1,0,FALSE,FALSE,18.07,12280,13.29,,,1
AEHR8608,8,0,1996,SATISH,Haryana,MAHENDRAGARH,AIIC(T),,383,M,15,1,0,FALSE,FALSE,0.42,21,0.02,,,1
AEHR8624,8,0,1996,RAM SINGH,Haryana,MAHENDRAGARH,INC,,12564,M,3,1,0,FALSE,FALSE,13.78,2060,2.26,,,1
AEHR8648,8,0,1996,CHHAILU RAM,Haryana,MAHENDRAGARH,SAP,,2135,M,9,1,0,FALSE,FALSE,2.34,806,0.88,,,1
AEHR8649,8,0,1996,NARENDER SINGH,Haryana,ATELI,INC,,22114,M,1,1,1,FALSE,FALSE,26.14,2844,3.36,,1,1
AEHR8660,8,0,1996,RAO OMPRAKASH ENGINEER S/O NAND LAL,Haryana,ATELI,HVP,,19270,M,2,1,0,FALSE,FALSE,22.78,3584,4.24,,,1
AEHR8711,8,0,1996,HOSHIYAR SINGH,Haryana,NARNAUL,SAP,,15007,M,3,1,0,FALSE,FALSE,18.24,2614,3.18,,,1
AEHR899,3,0,1972,PHOOL CHAND,Haryana,MULLANA,INC,,24140,M,1,6,3,FALSE,FALSE,64.93,11099,29.85,,3,6
AEHR899,4,0,1977,PHOOL CHAND,Haryana,MULLANA,INC,INC,16472,M,2,6,3,FALSE,TRUE,39.33,15194,36.28,,3,6
AEHR899,5,0,1982,PHOOL CHAND,Haryana,MULLANA,IND,INC,32727,M,1,6,3,FALSE,FALSE,58.5,14333,25.62,,3,6
AEHR899,6,0,1987,PHUL CHAND,Haryana,MULLANA,INC,IND,25202,M,2,6,3,FALSE,TRUE,38.46,20879,31.86,,3,6
AEHR899,7,0,1991,PHOOL CHAND MULLANA,Haryana,MULLANA,INC,INC,23961,M,1,6,3,FALSE,FALSE,35.12,10707,15.69,,3,6
AEHR899,8,0,1996,PHOOL CHAND,Haryana,MULLANA,INC,INC,20930,M,2,6,3,FALSE,TRUE,24.51,1065,1.25,,3,6
AEHR901,3,0,1972,HARMOHINDER SINGH CHATHA,Haryana,NAGGAL,INC,,23125,M,1,4,1,FALSE,FALSE,59.95,10110,26.21,,1,4
AEHR901,4,0,1977,HAR MOHINDER SINGH,Haryana,NAGGAL,INC,INC,19253,M,2,4,1,FALSE,TRUE,44.79,18431,42.88,,1,4
AEHR901,7,0,1991,HARMOHINDER SINGH,Haryana,PEHOWA,INC,INC,13350,M,3,4,1,FALSE,FALSE,17.6,2284,3.01,,1,4
AEHR901,8,0,1996,HARMOHINDER SINGH CHATHA,Haryana,NAGGAL,INC,INC,9518,M,5,4,1,FALSE,FALSE,10.5,8743,9.65,,1,4
AEHR9050,7,0,1991,DARYAO SINGH,Haryana,JHAJJAR,JP,,22305,M,1,2,1,FALSE,FALSE,37.81,1970,3.34,,1,2
AEHR9050,8,0,1996,DARYAO SINGH,Haryana,JHAJJAR,SAP,JP,15327,M,3,2,1,TRUE,TRUE,22.55,2971,4.37,,1,2
AEHR9225,4,0,1977,RAM BILAS,Haryana,MAHENDRAGARH,JNP,,22933,M,2,5,4,FALSE,FALSE,44.02,20964,40.24,,4,5
AEHR9225,5,0,1982,RAM BILAS,Haryana,MAHENDRAGARH,BJP,JNP,34096,M,1,5,4,TRUE,FALSE,50.46,8361,12.37,,4,5
AEHR9225,6,0,1987,RAM BILAS,Haryana,MAHENDRAGARH,BJP,BJP,44481,M,1,5,4,FALSE,TRUE,57.87,27432,35.69,,4,5
AEHR9225,7,0,1991,RAM BILASH,Haryana,MAHENDRAGARH,BJP,BJP,18039,M,1,5,4,FALSE,TRUE,26.42,1626,2.38,,4,5
AEHR9225,8,0,1996,RAM BILAS,Haryana,MAHENDRAGARH,BJP,BJP,19015,M,1,5,4,FALSE,TRUE,20.86,3708,4.07,,4,5
AEHR9553,7,0,1991,GANESHI LAL,Haryana,SIRSA,BJP,,14107,M,2,2,1,FALSE,FALSE,17.23,1384,1.69,,1,2
AEHR9553,8,0,1996,GANESHI LAL,Haryana,SIRSA,BJP,BJP,35419,M,1,2,1,FALSE,FALSE,35.69,3820,3.85,,1,2
AEHR993,3,0,1972,CHARAN DASS,Haryana,KAITHAL,IND,,26095,M,1,5,2,FALSE,FALSE,48.87,3422,6.41,,2,5
AEHR993,5,0,1982,CHARAN DASS,Haryana,KARNAL,IND,IND,107,M,10,5,2,FALSE,FALSE,0.2,12,0.02,,2,5
AEHR993,6,0,1987,CHARAN DASS,Haryana,KAITHAL,IND,IND,19637,M,2,5,2,FALSE,FALSE,31.53,5165,8.29,,2,5
AEHR993,7,0,1991,CHARAN DAS,Haryana,KAITHAL,HVP,IND,16753,M,2,5,2,FALSE,FALSE,25.24,2931,4.42,,2,5
AEHR993,8,0,1996,CHARAN DASS,Haryana,KAITHAL,SAP,HVP,27384,M,1,5,2,TRUE,FALSE,33.65,4239,5.21,,2,5
